ID,CAMPAIGN,CAMPAIGN_NAME,CREATED,PUBLISH_DATE,EMAIL_TYPE,NAME,SUBJECT
89537257573,27a4b217-0ad5-4b3c-ac43-d242835a54ca,q3-2023_mds-connect-roadshow_awareness,2022-10-26 13:19:04.521 +0000,2022-10-26 20:41:36.029 +0000,BATCH_EMAIL,MDS Connect Tour - Last Chance All Cities,Last chance to join us on tour with Databricks and Fivetran! 🐠
89471952228,82725dd7-ddaa-470f-9337-5ae53b9ac54b,q3-2023_miami-sf-sigma_awareness,2022-10-26 02:04:57.889 +0000,2022-10-26 17:19:00.000 +0000,BATCH_EMAIL,Modern art meets modern data in Miami next week! 🎨,Modern art meets modern data in Miami next week! 🎨
89453645896,95fb5c44-3f31-475c-b58c-3dd89876f843,Product launches,2022-10-25 20:47:58.568 +0000,2022-10-27 17:24:22.618 +0000,AUTOMATED_EMAIL,dbt v0.X deprecation (October 2022),⚠️ Action required: upgrade to dbt v1.0 before November 30
89313553769,8c9e060c-a224-4518-a288-290cb6e8186a,fy-2023_coalesce-2022_awareness,2022-10-24 20:10:33.029 +0000,2022-10-27 09:30:00.000 +0000,LOCALTIME_EMAIL,Coalesce 2022 Follow-up London,This time last week..... 💔 
89313553738,8c9e060c-a224-4518-a288-290cb6e8186a,fy-2023_coalesce-2022_awareness,2022-10-24 20:10:22.586 +0000,2022-10-25 00:28:01.352 +0000,BATCH_EMAIL,Coalesce 2022 Follow-up Sydney,Thank you for Coalesce Sydney! 
89313553676,8c9e060c-a224-4518-a288-290cb6e8186a,fy-2023_coalesce-2022_awareness,2022-10-24 20:10:09.270 +0000,2022-10-26 14:01:00.000 +0000,LOCALTIME_EMAIL,Coalesce 2022 Follow-up Online,This time last week..... 💔 
89305454605,8c9e060c-a224-4518-a288-290cb6e8186a,fy-2023_coalesce-2022_awareness,2022-10-24 17:40:41.668 +0000,2022-10-26 14:02:00.000 +0000,LOCALTIME_EMAIL,Coalesce 2022 Follow-up NOLA,This time last week..... 💔 
89207251289,8c9e060c-a224-4518-a288-290cb6e8186a,fy-2023_coalesce-2022_awareness,2022-10-24 01:48:13.980 +0000,2022-10-25 14:00:00.000 +0000,BATCH_EMAIL,Coalesce NOLA - Knight Party Follow-up,See you again very soon! 👑
89205782829,8c9e060c-a224-4518-a288-290cb6e8186a,fy-2023_coalesce-2022_awareness,2022-10-24 00:26:09.599 +0000,2022-10-24 01:31:15.717 +0000,BATCH_EMAIL,Coalesce NOLA - Knight Party Follow-up,Let's do this again soon? 
89204072449,23f5af75-818d-426f-8568-58ff919cdf29,q3-2023_databricks-virtualdemo_awareness,2022-10-23 23:19:46.338 +0000,2022-10-23 23:23:27.192 +0000,BATCH_EMAIL,dbt & Databricks: Build a Modern Data Stack With dbt and Databricks,Virtual hands-on workshop: Built a Modern Data Stack with dbt and Databricks
89195091605,2521cf47-11ba-4c29-a8a7-a6eaffb25987,q3-2023_coalesce-sydney-dbt101_awareness,2022-10-23 21:48:00.968 +0000,2022-10-24 00:08:51.930 +0000,BATCH_EMAIL,dbt 101 Coalesce Sydney,Thank you for Coalesce Sydney!
88934150931,2d6622ca-54ce-4f8a-9295-303ac6c7ba57,Coalesce 2023,2022-10-20 23:09:48.381 +0000,2022-10-20 23:11:58.087 +0000,BATCH_EMAIL,Coalesce Day 4 Thurs PM - NOLA Registrants,Coalesce Day 4 Recap: fin.
88934150504,2d6622ca-54ce-4f8a-9295-303ac6c7ba57,Coalesce 2023,2022-10-20 23:04:52.228 +0000,2022-10-20 23:12:25.273 +0000,BATCH_EMAIL,Coalesce Day 4 Thurs PM - London Registrants,Coalesce Day 4 Recap: fin.
88933425823,2d6622ca-54ce-4f8a-9295-303ac6c7ba57,Coalesce 2023,2022-10-20 22:28:08.438 +0000,2022-10-20 23:13:25.278 +0000,BATCH_EMAIL,Coalesce Day 4 Thurs PM - Online Registrants,Coalesce Day 4 Recap: fin.
88932576625,2d6622ca-54ce-4f8a-9295-303ac6c7ba57,Coalesce 2023,2022-10-20 23:06:35.915 +0000,2022-10-20 23:12:44.717 +0000,BATCH_EMAIL,Coalesce Day 4 Thurs PM - Sydney Registrants,Coalesce Day 4 Recap: fin.
88779096169,2d6622ca-54ce-4f8a-9295-303ac6c7ba57,Coalesce 2023,2022-10-20 03:05:33.712 +0000,2022-10-20 06:00:00.000 +0000,BATCH_EMAIL,Coalesce London Session AM,Today at Coalesce London! 🙌
88778727499,2d6622ca-54ce-4f8a-9295-303ac6c7ba57,Coalesce 2023,2022-10-20 02:44:56.224 +0000,2022-10-20 10:45:00.000 +0000,BATCH_EMAIL,Coalesce Day 4 Thurs AM - NoLa Only,Coalesce NoLa Day 4. The beginning of the end 🌧️
88777650190,2d6622ca-54ce-4f8a-9295-303ac6c7ba57,Coalesce 2023,2022-10-20 02:51:31.515 +0000,2022-10-20 20:00:00.000 +0000,BATCH_EMAIL,Coalesce Sydney Session AM,Coalesce Sydney
88776176428,2d6622ca-54ce-4f8a-9295-303ac6c7ba57,Coalesce 2023,2022-10-20 00:30:36.124 +0000,2022-10-20 13:00:00.000 +0000,BATCH_EMAIL,Coalesce Day 4 Thurs AM - Online Only,Coalesce Online Day 4 Agenda 💔
88770394540,2d6622ca-54ce-4f8a-9295-303ac6c7ba57,Coalesce 2023,2022-10-19 23:01:37.393 +0000,2022-10-20 00:08:02.233 +0000,BATCH_EMAIL,Coalesce Day 3 Wed PM - All Registered,"Coalesce Day 3 Recap: Can't stop, won't stop"
88629434220,2d6622ca-54ce-4f8a-9295-303ac6c7ba57,Coalesce 2023,2022-10-19 02:45:15.342 +0000,2022-10-19 11:00:00.000 +0000,BATCH_EMAIL,Coalesce Day 3 Weds AM - NoLa Only,Coalesce NoLa Day 3 Agenda 💃
88619242107,2d6622ca-54ce-4f8a-9295-303ac6c7ba57,Coalesce 2023,2022-10-18 23:28:27.050 +0000,2022-10-19 00:50:09.204 +0000,BATCH_EMAIL,Coalesce Day 2 Tues PM - All Registered,"Coalesce Day 2 Recap: Big reveals, bad ideas, quick questions"
88603425693,2d6622ca-54ce-4f8a-9295-303ac6c7ba57,Coalesce 2023,2022-10-18 22:41:35.308 +0000,2022-10-19 12:45:00.000 +0000,BATCH_EMAIL,Coalesce Day 3 Weds AM - Online Only,Coalesce Online Day 3 Agenda 💃
88603087781,2d6622ca-54ce-4f8a-9295-303ac6c7ba57,Coalesce 2023,2022-10-18 22:28:12.961 +0000,2022-10-18 22:42:34.359 +0000,BATCH_EMAIL,Coalesce Day 1 Mon PM - All Non-Online Registered,I was so excited I forgot to hit send 😊 - Coalesce Day 1 🎉 - It's a Wrap!
88565588757,8c9e060c-a224-4518-a288-290cb6e8186a,fy-2023_coalesce-2022_awareness,2022-10-18 15:07:35.821 +0000,2022-10-18 17:19:03.352 +0000,BATCH_EMAIL,Coalesce NOLA - Knight Party Reminder + Video Room,Tonight is the Knight! ⚔️
88484207923,2d6622ca-54ce-4f8a-9295-303ac6c7ba57,Coalesce 2023,2022-10-18 03:38:32.208 +0000,2022-10-19 11:00:00.000 +0000,BATCH_EMAIL,Coalesce Day 2 Tues AM - Online Only,Coalesce Online Day 2 Agenda 💃
88453938758,8c9e060c-a224-4518-a288-290cb6e8186a,fy-2023_coalesce-2022_awareness,2022-10-17 19:02:34.556 +0000,2022-10-17 19:40:40.631 +0000,BATCH_EMAIL,Zero to dbt Registrant Email,We're sorry! - Finish building your Zero to dbt project
88437444672,2d6622ca-54ce-4f8a-9295-303ac6c7ba57,Coalesce 2023,2022-10-17 17:34:51.494 +0000,2022-10-17 18:45:11.268 +0000,BATCH_EMAIL,Coalesce Day 2 Tue PM - All Registered,Coalesce Day 1 🎉 - It's a Wrap!
88426175276,2d6622ca-54ce-4f8a-9295-303ac6c7ba57,Coalesce 2023,2022-10-17 16:16:48.551 +0000,2022-10-18 10:00:00.000 +0000,BATCH_EMAIL,Coalesce Day 2 Tues AM - NoLa Only,"Coalesce NoLa Day 2: Workouts, Keynotes, Beignets, and Parades. 🎶"
88407579225,2d6622ca-54ce-4f8a-9295-303ac6c7ba57,Coalesce 2023,2022-10-17 13:39:09.068 +0000,2022-10-18 00:38:05.889 +0000,BATCH_EMAIL,Coalesce Day 1 Mon PM - All Registered,Coalesce Day 1 🎉 - It's a Wrap!
88400431888,,,2022-10-17 13:31:38.767 +0000,2022-10-17 13:31:41.475 +0000,BATCH_EMAIL,New email,
88357343254,2d6622ca-54ce-4f8a-9295-303ac6c7ba57,Coalesce 2023,2022-10-17 04:41:55.615 +0000,2022-10-17 11:46:17.361 +0000,BATCH_EMAIL,Coalesce Day 1 Mon AM - Online Only,Welcome to Coalesce Online: Day 1 🎉
88356377195,23f5af75-818d-426f-8568-58ff919cdf29,q3-2023_databricks-virtualdemo_awareness,2022-10-17 04:21:51.459 +0000,2022-10-23 23:00:00.000 +0000,BATCH_EMAIL,dbt & Databricks: Build a Modern Data Stack With dbt and Databricks,Virtual hands-on workshop: Built a Modern Data Stack with dbt and Databricks
88356367784,c315cb7c-ca7f-443e-bd40-e84d845ead75,q3-2023_snowflake-dcwt-akl_awareness,2022-10-17 04:12:33.615 +0000,2022-10-17 04:40:34.858 +0000,BATCH_EMAIL,Snowflake DCWT Auckland Email,Thanks for stopping by dbt Labs at the Snowflake DCWT Auckland
88354317182,2d6622ca-54ce-4f8a-9295-303ac6c7ba57,Coalesce 2023,2022-10-17 02:58:12.432 +0000,2022-10-17 12:19:43.918 +0000,BATCH_EMAIL,Coalesce Day 1 Mon AM - NoLa Only,Welcome to Coalesce New Orleans: Day 1 🎉
88332087158,8c9e060c-a224-4518-a288-290cb6e8186a,fy-2023_coalesce-2022_awareness,2022-10-16 20:17:17.538 +0000,2022-10-17 10:00:00.000 +0000,LOCALTIME_EMAIL,Coalesce Promotion - Last Chance - Week of 10/15,It's about that time! Are you tuning in?
88327801489,8c9e060c-a224-4518-a288-290cb6e8186a,fy-2023_coalesce-2022_awareness,2022-10-16 20:25:36.064 +0000,1970-01-01 00:00:00.000 +0000,LOCALTIME_EMAIL,Coalesce Promotion - Last Chance - Week of 10/15 APAC,It's about that time! Are you tuning in?
88227962373,8c9e060c-a224-4518-a288-290cb6e8186a,fy-2023_coalesce-2022_awareness,2022-10-15 12:07:03.796 +0000,2022-10-17 12:00:00.000 +0000,LOCALTIME_EMAIL,Coalesce Promotion - Last Chance - Week of 10/15,🗓 Today is the day! Are you tuning in?
88177962657,,,2022-10-14 19:29:00.654 +0000,2022-10-14 20:01:02.697 +0000,BATCH_EMAIL,Teams Customers & Partners @ Coalesce NOLA Testimonial Video Invite,Invitation: Share your dbt story at Coalesce
88176421638,8c9e060c-a224-4518-a288-290cb6e8186a,fy-2023_coalesce-2022_awareness,2022-10-14 19:12:54.163 +0000,2022-10-14 19:17:09.898 +0000,BATCH_EMAIL,New email,
88174994727,8c9e060c-a224-4518-a288-290cb6e8186a,fy-2023_coalesce-2022_awareness,2022-10-14 19:01:07.271 +0000,2022-10-14 19:52:25.584 +0000,BATCH_EMAIL,Coalesce - Workshop - Registered,Coalesce 2022: Confirmation of premium sessions and next steps
88174991878,8c9e060c-a224-4518-a288-290cb6e8186a,fy-2023_coalesce-2022_awareness,2022-10-14 18:51:29.685 +0000,2022-10-14 19:51:46.777 +0000,BATCH_EMAIL,Coalesce - Workshop - Unregistered,Reminder - Register for Training and Certification at Coalesce
88164981608,8c9e060c-a224-4518-a288-290cb6e8186a,fy-2023_coalesce-2022_awareness,2022-10-14 18:07:51.937 +0000,2022-10-14 19:24:40.289 +0000,BATCH_EMAIL,Coalesce - Workshop - Get more out of your DAG,Coalesce 2022: Confirmation of workshop registration and next steps
88164872797,8c9e060c-a224-4518-a288-290cb6e8186a,fy-2023_coalesce-2022_awareness,2022-10-14 18:03:55.672 +0000,2022-10-14 19:25:20.117 +0000,BATCH_EMAIL,Coalesce - Workshop - dbt Packages,Coalesce 2022: Confirmation of workshop registration and next steps
88164871720,8c9e060c-a224-4518-a288-290cb6e8186a,fy-2023_coalesce-2022_awareness,2022-10-14 18:00:12.799 +0000,2022-10-14 19:37:34.640 +0000,BATCH_EMAIL,Coalesce - Workshop - Buried Alive: Refactoring an inherited project,Coalesce 2022: Confirmation of workshop registration and next steps
88164090531,8c9e060c-a224-4518-a288-290cb6e8186a,fy-2023_coalesce-2022_awareness,2022-10-14 17:55:01.237 +0000,2022-10-14 19:28:40.624 +0000,BATCH_EMAIL,Coalesce - Workshop - Build your first dbt Python model,Coalesce 2022: Confirmation of workshop registration and next steps
88149207378,3ac3fabc-2679-4571-aa4f-bc0c0a3c4a9a,q3-2023_snowflake-dcwt-nyc_awareness,2022-10-14 14:52:09.205 +0000,2022-10-14 16:30:00.000 +0000,BATCH_EMAIL,Snowflake DCWT NYC - Booth Scans,Thanks again for stopping by our Kiosk!
88144491649,6a83dab0-884a-4f63-b701-8dad7f05512b,q3-2023_snowflake-dcwt-chi_awareness,2022-10-14 14:06:10.619 +0000,2022-10-14 16:00:00.000 +0000,BATCH_EMAIL,Snowflake DCWT Chicago - Booth Scans,Thanks for dropping by our kiosk at Snowflake Data Cloud World Tour!
88094091131,,,2022-10-14 05:08:29.524 +0000,2022-10-14 11:03:00.000 +0000,LOCALTIME_EMAIL,Customers Attending Coalesce NOLA Testimonial Video Invite,Invitation: Share your dbt story at Coalesce
88078427064,eaa5912d-3039-4149-aa39-0665711fc597,Monthly Product Updates,2022-10-14 04:25:29.644 +0000,2022-10-14 18:19:01.492 +0000,BATCH_EMAIL,October '22 Product Update,Your October dbt Product Update + Coalesce in 3 days 🙌
88074596207,,,2022-10-13 23:07:25.790 +0000,2022-10-14 16:31:29.975 +0000,BATCH_EMAIL,New email,
88070669638,,,2022-10-13 21:57:06.343 +0000,2022-10-13 22:31:34.169 +0000,BATCH_EMAIL,New email,
88030313472,a45cba81-1aad-4f99-aa5f-39262c613ff0,q3-2023_snowflake-dcwt-exec-hh_awareness,2022-10-13 16:25:22.467 +0000,2022-10-13 19:00:00.000 +0000,BATCH_EMAIL,"Data on the Rocks - Thursday, October 27","Data on the Rocks - Thursday, October 27"
87811256578,8c9e060c-a224-4518-a288-290cb6e8186a,fy-2023_coalesce-2022_awareness,2022-10-11 23:47:10.377 +0000,2022-10-12 21:05:23.846 +0000,BATCH_EMAIL,Coalesce NOLA - Expert Lounge + Knight Party,See you next week at New Orleans! 
87810404720,8c9e060c-a224-4518-a288-290cb6e8186a,fy-2023_coalesce-2022_awareness,2022-10-11 23:08:16.382 +0000,2022-10-12 15:02:00.000 +0000,LOCALTIME_EMAIL,Coalesce Promotion - Last Chance NOLA - Week of 10/10,Join me in person Monday at Coalesce!
87757834424,,,2022-10-11 17:01:19.217 +0000,2022-10-11 17:05:16.138 +0000,BATCH_EMAIL,Azure DevOps integration announcement: ONLY beta customers,✨ New: Azure DevOps integration for dbt Cloud ✨
87751802272,8c9e060c-a224-4518-a288-290cb6e8186a,fy-2023_coalesce-2022_awareness,2022-10-11 15:43:21.533 +0000,2022-10-14 19:34:25.582 +0000,BATCH_EMAIL,Coalesce - Workshop - Advanced Testing,Coalesce 2022: Confirmation of workshop registration and next steps
87743534766,fdc42f9c-bee2-4f01-80bd-00bb88ba02fa,Tech Partner Coalesce Newsletter,2022-10-11 15:35:28.606 +0000,2022-10-11 20:27:32.918 +0000,BATCH_EMAIL,October Partnerships Newsletter: Coalesce (Tech Partners),🤝 dbt Labs partner update: Get the most out of Coalesce
87631980210,,,2022-10-10 21:35:07.317 +0000,2022-10-11 17:07:01.092 +0000,BATCH_EMAIL,Azure DevOps integration announcement: non-beta customers,✨ New: Azure DevOps integration for dbt Cloud ✨
87631974018,,,2022-10-10 21:08:47.516 +0000,2022-10-10 21:08:49.662 +0000,BATCH_EMAIL,New email,
87631070013,,,2022-10-10 21:08:22.163 +0000,2022-10-14 17:57:39.625 +0000,BATCH_EMAIL,Coalesce 2022 Day 1 EOD Email,
87604528476,8c9e060c-a224-4518-a288-290cb6e8186a,fy-2023_coalesce-2022_awareness,2022-10-10 16:45:07.825 +0000,2022-10-11 10:45:00.000 +0000,LOCALTIME_EMAIL,Coalesce Promotion - Product Sessions for Managed Customers - Week of 10/10,Coalesce: “Must Watch” dbt Product Sessions
87590487315,8c9e060c-a224-4518-a288-290cb6e8186a,fy-2023_coalesce-2022_awareness,2022-10-10 14:18:22.071 +0000,2022-10-12 08:15:00.000 +0000,BATCH_EMAIL,Coalesce London Announcement_Week of 10/10,Coalesce 2022 - you can ask us anything
87572843055,8c9e060c-a224-4518-a288-290cb6e8186a,fy-2023_coalesce-2022_awareness,2022-10-10 11:54:53.749 +0000,2022-10-13 14:00:00.000 +0000,LOCALTIME_EMAIL,Coalesce Promotion - Last Chance - Week of 10/10,Last chance: Monday is the big day
87394615414,ba4f8cce-53d9-48a1-a61d-1a5f257109a7,Consulting Partner Newsletter,2022-10-07 19:46:56.026 +0000,2022-10-11 14:30:28.135 +0000,BATCH_EMAIL,October Partnerships Newsletter: Coalesce,🤝 dbt Labs partner update: Get the most out of Coalesce
87388265480,,,2022-10-07 20:31:14.602 +0000,2022-10-11 15:35:43.035 +0000,BATCH_EMAIL,New email,
87190847889,14dc35dd-92cf-4c34-a098-614cc5ddd61e,q3-2023_coalesce_syd_2weeks,2022-10-06 11:03:05.087 +0000,2022-10-10 03:15:39.798 +0000,BATCH_EMAIL,Coalesce Sydney 2 Week Followup,Countdown is on for Coalesce Sydney! 
87132242279,,Big Data LDN,2022-10-05 23:45:33.234 +0000,2022-10-06 14:15:00.000 +0000,LOCALTIME_EMAIL,BDL Bronze - Follow up 2 - on demand demo,dbt 101 
86504266421,995bedad-d876-43da-8da5-2fe8641e3642,q3-2023_data-stack-chat_awareness,2022-09-29 22:05:02.919 +0000,2022-10-05 13:00:00.000 +0000,BATCH_EMAIL,ATTENDED - Data Stack Chat Boston,Great seeing you last week! 🍻
86502879380,995bedad-d876-43da-8da5-2fe8641e3642,q3-2023_data-stack-chat_awareness,2022-09-29 22:06:02.980 +0000,2022-10-05 13:00:00.000 +0000,BATCH_EMAIL,NO-SHOW - Data Stack Chat Boston,Sorry we missed you at the event last week!
86490144055,,Big Data LDN,2022-09-29 19:22:09.027 +0000,2022-09-30 08:45:00.000 +0000,LOCALTIME_EMAIL,BDL Bronze - Follow up 1 - EMEA Weekly Demo,Join our EMEA weekly dbt demo!
86456864523,,,2022-09-29 15:05:41.778 +0000,2022-09-29 15:32:12.736 +0000,BATCH_EMAIL,Metadata API Retention Change,Change to Metadata API Data Retention Window
86260707375,59f2bed1-c9bd-4231-a047-7dc23d0dd5e0,q3-2023_snowflake_dcwt_syd,2022-09-28 03:37:08.577 +0000,2022-09-28 23:52:35.410 +0000,BATCH_EMAIL,Snowflake DCWT Sydney Email,Thanks for stopping by dbt Labs at the Snowflake DCWT Sydney
86157067703,ed76f1a2-db03-4bf2-a1f7-29636f4d5aaf,Big Data LDN,2022-09-27 07:50:02.203 +0000,2022-09-27 07:54:05.388 +0000,BATCH_EMAIL,BDL Thank you Email - Evening Event,Thanks for stopping by Beers for Data Peers at Big Data LDN
86108271370,aca2e65a-5041-4d11-af13-3e83f266c3ce,q3-2023_ts-dbt-angels-game_awareness,2022-09-26 20:38:12.887 +0000,2022-09-26 21:42:35.728 +0000,BATCH_EMAIL,09/28/2022 ts-dbt-angels-game Invite Email 1,Anaheim Angels Game Invite by dbt Labs & ThoughtSpot on 9/28
85975302320,ed76f1a2-db03-4bf2-a1f7-29636f4d5aaf,Big Data LDN,2022-09-25 10:36:07.754 +0000,2022-09-27 08:00:00.000 +0000,BATCH_EMAIL,BDL Thank you Email,Thanks for stopping by at Big Data LDN
85829151924,995bedad-d876-43da-8da5-2fe8641e3642,q3-2023_data-stack-chat_awareness,2022-09-23 12:36:01.545 +0000,2022-09-23 13:50:24.475 +0000,BATCH_EMAIL,Data Stack Chat Boston Last Chance (comm list),Last chance to RSVP!
85766541230,8c9e060c-a224-4518-a288-290cb6e8186a,fy-2023_coalesce-2022_awareness,2022-09-22 21:36:05.150 +0000,2022-09-28 17:00:00.000 +0000,LOCALTIME_EMAIL,Census Data Dinner Email,Coming to Coalesce? This is a dinner you don't want to miss
85718079565,8936049f-bd27-4c50-bf4a-0c8a5c37f646,q3-2023_snowflake-women-in-business-nyc-2022_awareness,2022-09-22 13:02:40.673 +0000,2022-09-29 13:45:00.000 +0000,BATCH_EMAIL,Coalesce promo - Snowflake Women in Data attendees_week of Sep 26 2022,See why Coalesce is a great conference for women in data
85656659809,43fc2eb7-c3c0-4482-8d13-28dc33f58fea,q3-2023_topgolf-ts-archetype_awareness,2022-09-21 21:16:05.234 +0000,2022-09-22 14:00:00.000 +0000,BATCH_EMAIL,Dallas Topgolf Invite #3 (Last Chance),Last chance to join us for this special event! 
85587447650,8c9e060c-a224-4518-a288-290cb6e8186a,fy-2023_coalesce-2022_awareness,2022-09-21 10:59:36.501 +0000,2022-09-21 13:01:00.000 +0000,LOCALTIME_EMAIL,Coalesce promo - Nola non-opens,Did you get my email? 
85504420388,ba4f8cce-53d9-48a1-a61d-1a5f257109a7,Consulting Partner Newsletter,2022-09-20 15:55:08.500 +0000,2022-09-20 16:16:35.273 +0000,BATCH_EMAIL,Services Partner Newsletter: dbt Cloud sales referral benefit,🤝 dbt Labs partner update: dbt Cloud sales referral benefit
85429634703,8c9e060c-a224-4518-a288-290cb6e8186a,fy-2023_coalesce-2022_awareness,2022-09-20 00:51:12.645 +0000,2022-09-28 14:03:00.000 +0000,LOCALTIME_EMAIL,Coalesce Promo - Smaller Team Speaking Sessions,Your suggested sessions!
85429634586,8c9e060c-a224-4518-a288-290cb6e8186a,fy-2023_coalesce-2022_awareness,2022-09-20 00:49:46.013 +0000,2022-09-20 01:17:57.271 +0000,BATCH_EMAIL,Coalesce Promo - Individual + Smaller Team Speaking Sessions,
85428720804,8c9e060c-a224-4518-a288-290cb6e8186a,fy-2023_coalesce-2022_awareness,2022-09-20 02:07:31.203 +0000,2022-09-28 14:03:00.000 +0000,LOCALTIME_EMAIL,Coalesce Promo - Larger Team Speaking Sessions,Your suggested sessions!
85326454143,995bedad-d876-43da-8da5-2fe8641e3642,q3-2023_data-stack-chat_awareness,2022-09-19 02:32:11.281 +0000,2022-09-27 15:15:00.000 +0000,LOCALTIME_EMAIL,09/29/2022 Data Stack Chat Boston - Reminder Email,See you at Trillium Canton this Thursday!
85326356530,995bedad-d876-43da-8da5-2fe8641e3642,q3-2023_data-stack-chat_awareness,2022-09-19 02:22:06.405 +0000,2022-09-20 14:00:00.000 +0000,BATCH_EMAIL,Data Stack Chat Boston Last Chance Reg,Last chance to RSVP!
85190704001,8c9e060c-a224-4518-a288-290cb6e8186a,fy-2023_coalesce-2022_awareness,2022-09-16 19:11:54.283 +0000,2022-09-19 17:40:24.762 +0000,BATCH_EMAIL,Coalesce Promotion 9/19 - DB Discount,Did you get my email? 
85190660010,8c9e060c-a224-4518-a288-290cb6e8186a,fy-2023_coalesce-2022_awareness,2022-09-16 19:11:36.006 +0000,2022-09-19 17:40:14.828 +0000,BATCH_EMAIL,Coalesce Promotion 9/19 - Snowflake Discount,Did you get my email?
85154558059,,,2022-09-16 13:35:06.725 +0000,2022-09-20 08:00:00.000 +0000,BATCH_EMAIL,dbt 101 DACH invite,dbt 101
85103151460,43fc2eb7-c3c0-4482-8d13-28dc33f58fea,q3-2023_topgolf-ts-archetype_awareness,2022-09-16 00:23:38.685 +0000,2022-09-21 14:30:00.000 +0000,BATCH_EMAIL,Dallas Topgolf Invite #2,Last chance to join us for this special event! 
85056862983,3fed7fea-e541-4cef-a601-12161e12ecac,q3-2023_ts-dbt-fivetran-sf-brewery-tour_awareness,2022-09-15 14:34:46.386 +0000,2022-09-23 14:30:00.000 +0000,LOCALTIME_EMAIL,09/29/2022 ts-dbt-fivetran-SF-Event Invite Email 1,"Join dbt Labs, ThoughtSpot, and Fivetran on Sept 29th in San Francisco "
85047682659,8c9e060c-a224-4518-a288-290cb6e8186a,fy-2023_coalesce-2022_awareness,2022-09-15 14:12:50.715 +0000,1970-01-01 00:00:00.000 +0000,BATCH_EMAIL,Coalesce London Announcement_Week of 9/12 (Clone),Coalesce Online+ touching down in London
84988951571,8c9e060c-a224-4518-a288-290cb6e8186a,fy-2023_coalesce-2022_awareness,2022-09-15 01:18:18.245 +0000,2022-09-16 13:00:00.000 +0000,LOCALTIME_EMAIL,Coalesce Sydney Announcement_Week of 9/12 (Non-openers),Coalesce Online+ touching down in Sydney! 
84950690184,ed76f1a2-db03-4bf2-a1f7-29636f4d5aaf,Big Data LDN,2022-09-14 17:40:47.066 +0000,2022-09-16 12:00:00.000 +0000,BATCH_EMAIL,BDL Ancillary Event,Beers with Data Peers with dbt Labs
84861920328,0aeba68f-16a6-455f-8d95-1747234915a0,q3-2023_post-signup-onboarding_awareness,2022-09-13 21:54:31.842 +0000,2022-10-21 20:51:49.256 +0000,AUTOMATED_EMAIL,Post-Signup Onboarding #3,Step-by-step guide to your first dbt run
84704021582,0aeba68f-16a6-455f-8d95-1747234915a0,q3-2023_post-signup-onboarding_awareness,2022-09-12 16:58:41.692 +0000,2022-10-21 17:41:43.033 +0000,AUTOMATED_EMAIL,Post-Signup Onboarding #2,Get started in dbt Cloud with warehouse-specific tutorials
84694795830,8c9e060c-a224-4518-a288-290cb6e8186a,fy-2023_coalesce-2022_awareness,2022-09-12 16:52:24.409 +0000,2022-09-14 15:02:00.000 +0000,LOCALTIME_EMAIL,Coalesce promo - 9/15 NOLA,It’s time to check in for your flight ✈️ 
84694432427,0aeba68f-16a6-455f-8d95-1747234915a0,q3-2023_post-signup-onboarding_awareness,2022-09-12 16:42:57.092 +0000,2022-10-21 17:39:54.691 +0000,AUTOMATED_EMAIL,Post-Signup Onboarding #1,Welcome! Let’s get you started.
84379653153,43fc2eb7-c3c0-4482-8d13-28dc33f58fea,q3-2023_topgolf-ts-archetype_awareness,2022-09-08 22:06:52.624 +0000,2022-09-09 20:59:26.218 +0000,BATCH_EMAIL,Dallas Topgolf Invite #1,"You're invited to a special event at Topgolf in Allen, TX!"
84355218520,8c9e060c-a224-4518-a288-290cb6e8186a,fy-2023_coalesce-2022_awareness,2022-09-08 17:14:34.054 +0000,2022-09-12 19:15:00.000 +0000,LOCALTIME_EMAIL,Abandon Registration #2 - Coalesce Promo,Did you get my email?
84141896287,8c9e060c-a224-4518-a288-290cb6e8186a,fy-2023_coalesce-2022_awareness,2022-09-06 20:37:47.191 +0000,2022-09-07 13:03:00.000 +0000,LOCALTIME_EMAIL,Abandon Registration #1 - Coalesce Promo,Take one minute to finish signing up for Coalesce!
84127722107,8c9e060c-a224-4518-a288-290cb6e8186a,fy-2023_coalesce-2022_awareness,2022-09-06 18:12:54.086 +0000,2022-09-06 18:42:23.474 +0000,BATCH_EMAIL,Second Logistics Email — Coalesce Speakers,Speaker Logistics Email # 2 — Coalesce 2022 💜
83780750341,,,2022-09-02 12:56:46.225 +0000,2022-09-02 12:56:47.931 +0000,BATCH_EMAIL,New email,
83780078738,,,2022-09-02 12:38:31.091 +0000,2022-09-05 09:30:00.000 +0000,BATCH_EMAIL,Come join dbt 101 with TotallyMoney,Come join dbt 101 with TotallyMoney
83710455042,,,2022-09-01 18:37:51.212 +0000,2022-09-01 18:39:41.405 +0000,BATCH_EMAIL,Coalesce Promo - Week of 9/26,
83707900579,8c9e060c-a224-4518-a288-290cb6e8186a,fy-2023_coalesce-2022_awareness,2022-09-01 18:10:23.610 +0000,2022-09-21 16:02:00.000 +0000,LOCALTIME_EMAIL,Coalesce Promo - Week of 9/19 - Better with a friend,Coalesce is better with a friend! 
83668512936,8c9e060c-a224-4518-a288-290cb6e8186a,fy-2023_coalesce-2022_awareness,2022-09-01 12:33:10.755 +0000,2022-09-01 14:28:00.000 +0000,LOCALTIME_EMAIL,Blog Post,The countdown begins: 46 days until Coalesce! 
83608235797,aca2e65a-5041-4d11-af13-3e83f266c3ce,q3-2023_ts-dbt-angels-game_awareness,2022-08-31 21:50:02.187 +0000,2022-08-31 21:51:37.558 +0000,AUTOMATED_EMAIL,09/28/2022 ts-dbt-angels-game Uber Voucher,You are confirmed for the Brews & Baseball event with dbt Labs & ThoughtSpot
83542355865,8c9e060c-a224-4518-a288-290cb6e8186a,fy-2023_coalesce-2022_awareness,2022-08-31 11:58:52.945 +0000,2022-09-01 14:02:00.000 +0000,LOCALTIME_EMAIL,Blog Post,The countdown begins: 46 days until Coalesce! 
83488746597,aca2e65a-5041-4d11-af13-3e83f266c3ce,q3-2023_ts-dbt-angels-game_awareness,2022-08-30 21:41:28.822 +0000,2022-09-08 22:50:44.891 +0000,AUTOMATED_EMAIL,09/28/2022 ts-dbt-angels-game Confirmation Email,You are confirmed for the Brews & Baseball event with dbt Labs & ThoughtSpot
83467180579,995bedad-d876-43da-8da5-2fe8641e3642,q3-2023_data-stack-chat_awareness,2022-08-30 17:47:59.335 +0000,2022-09-07 14:56:54.012 +0000,BATCH_EMAIL,Data Stack Chat Boston Invite #2,Come hang with us at Trillium Brewing!
83459573129,995bedad-d876-43da-8da5-2fe8641e3642,q3-2023_data-stack-chat_awareness,2022-08-30 17:23:51.802 +0000,2022-08-31 14:00:00.000 +0000,BATCH_EMAIL,Data Stack Chat Boston Invite #1,Come hang with us at Trillium Brewing!
83066120482,d46d8832-6c28-46af-bc4b-c830e695e1ca,q3-2023_dbt-live-expert-series_awareness,2022-08-26 00:02:56.488 +0000,2022-08-29 14:00:00.000 +0000,LOCALTIME_EMAIL,dbt Live: Expert Series Follow-up APAC August,🔥 Thanks for registering for dbt Live: Expert Series with Joel!
83054420815,8c9e060c-a224-4518-a288-290cb6e8186a,fy-2023_coalesce-2022_awareness,2022-08-25 22:17:47.518 +0000,2022-08-26 13:00:00.000 +0000,LOCALTIME_EMAIL,Coalesce Promotion 8/26 - Randy,The most important thing you can do today
83054415204,eaa5912d-3039-4149-aa39-0665711fc597,Monthly Product Updates,2022-08-25 21:41:35.480 +0000,2022-08-31 14:37:31.304 +0000,BATCH_EMAIL,August '22 Product Update,Your dbt Cloud product update: August 2022 🏕️
83053542472,e4b45e64-5c39-459e-910f-c1ead1ab7abc,q3-2023_snowflake_and_friends_atl_awareness,2022-08-25 20:50:11.596 +0000,2022-08-25 23:06:00.112 +0000,BATCH_EMAIL,Snowflake & Friends Attendee Follow-up,Let's hang again soon!
82945038097,01941785-1c30-4567-a020-de217ee957dc,q3-2023_snowflake-rudderstack-webinar_awareness,2022-08-24 22:51:34.898 +0000,2022-08-25 18:12:57.407 +0000,BATCH_EMAIL,Allbirds Webinar Follow-up,See you at Coalesce!
82930116708,8c9e060c-a224-4518-a288-290cb6e8186a,fy-2023_coalesce-2022_awareness,2022-08-24 19:23:54.197 +0000,2022-08-24 19:30:00.000 +0000,LOCALTIME_EMAIL,Coalesce Promotion 8/24 - DB Discount,15% off your Coalesce ticket 🎟
82919516930,8c9e060c-a224-4518-a288-290cb6e8186a,fy-2023_coalesce-2022_awareness,2022-08-24 18:31:48.712 +0000,1970-01-01 00:00:00.000 +0000,LOCALTIME_EMAIL,Coalesce Promotion 8/24 - DB Discount,12 Seconds — The Most Important Thing You Can Do Today
82918763142,8c9e060c-a224-4518-a288-290cb6e8186a,fy-2023_coalesce-2022_awareness,2022-08-24 18:29:07.120 +0000,2022-08-24 19:30:00.000 +0000,LOCALTIME_EMAIL,Coalesce Promotion 8/24 - Snowflake Discount,15% off your Coalesce ticket 🎟
82760177776,8c9e060c-a224-4518-a288-290cb6e8186a,fy-2023_coalesce-2022_awareness,2022-08-23 12:19:47.119 +0000,2022-08-24 14:01:00.000 +0000,LOCALTIME_EMAIL,Coalesce Promotion 8/24 - Randy,12 Seconds — The Most Important Thing You Can Do Today
82483061107,995bedad-d876-43da-8da5-2fe8641e3642,q3-2023_data-stack-chat_awareness,2022-08-19 19:51:38.076 +0000,2022-08-20 00:57:02.366 +0000,BATCH_EMAIL,No-Show Data Stack Chat: Santa Monica Follow-up Email,Sorry we missed you!
82482979623,995bedad-d876-43da-8da5-2fe8641e3642,q3-2023_data-stack-chat_awareness,2022-08-19 19:27:21.524 +0000,2022-08-20 00:56:19.281 +0000,BATCH_EMAIL,ATTENDED Data Stack Chat: Santa Monica Follow-up Email,Great seeing you at Santa Monica Brew Works! 👋
82444943964,d46d8832-6c28-46af-bc4b-c830e695e1ca,q3-2023_dbt-live-expert-series_awareness,2022-08-19 12:03:55.639 +0000,2022-08-23 13:00:00.000 +0000,LOCALTIME_EMAIL,dbt expert series - Invite (APAC August),Will I see you this Friday at dbt Live: Expert Series?
82441966853,d46d8832-6c28-46af-bc4b-c830e695e1ca,q3-2023_dbt-live-expert-series_awareness,2022-08-19 11:35:30.996 +0000,2022-08-22 13:00:00.000 +0000,LOCALTIME_EMAIL,dbt Live: Expert Series Follow-up EMEA August,🔥 Thanks for registering for dbt Live: Expert Series with Ernesto!
82345032556,,,2022-08-18 13:39:56.609 +0000,2022-08-18 16:28:00.000 +0000,LOCALTIME_EMAIL,Coalesce Promotion - 8/18 Jakki,Will you be joining me at Coalesce in October?
82293964304,,,2022-08-18 03:16:18.959 +0000,2022-08-18 16:02:00.000 +0000,LOCALTIME_EMAIL,Coalesce Promotion - 8/18 Jakki,Will you be joining me at Coalesce in October?
82221725044,,,2022-08-17 12:10:05.834 +0000,2022-08-17 14:22:36.368 +0000,BATCH_EMAIL,Coalesce Promotion - 8/18 Jakki,
82185869581,8c9e060c-a224-4518-a288-290cb6e8186a,fy-2023_coalesce-2022_awareness,2022-08-17 02:59:18.572 +0000,2022-08-18 13:03:00.000 +0000,LOCALTIME_EMAIL,Coalesce Promotion 8/18 - Lauren,"Are you joining us this year, too?"
82178887548,8c9e060c-a224-4518-a288-290cb6e8186a,fy-2023_coalesce-2022_awareness,2022-08-17 00:35:16.361 +0000,2022-08-17 13:03:00.000 +0000,LOCALTIME_EMAIL,Coalesce Promotion 8/18 - Lauren,"Are you joining us this year, too?"
82173687206,8c9e060c-a224-4518-a288-290cb6e8186a,fy-2023_coalesce-2022_awareness,2022-08-16 22:36:55.649 +0000,1970-01-01 00:00:00.000 +0000,LOCALTIME_EMAIL,Coalesce Promotion 8/18 - Jakki,Twitter feeds will be full of this in December…👀
82170374224,8c9e060c-a224-4518-a288-290cb6e8186a,fy-2023_coalesce-2022_awareness,2022-08-16 22:20:29.626 +0000,2022-08-17 13:03:00.000 +0000,LOCALTIME_EMAIL,Coalesce Promotion 8/18 - Lauren,"Are you joining us this year, too?"
82076266553,995bedad-d876-43da-8da5-2fe8641e3642,q3-2023_data-stack-chat_awareness,2022-08-16 03:01:41.400 +0000,2022-08-23 18:25:29.230 +0000,AUTOMATED_EMAIL,09/29/2022 Data Stack Chat Boston - Confirmation,Thanks for your RSVP! We’ll see you at Trillium Canton!
82058821700,d46d8832-6c28-46af-bc4b-c830e695e1ca,q3-2023_dbt-live-expert-series_awareness,2022-08-15 20:44:17.830 +0000,2022-08-16 13:00:00.000 +0000,LOCALTIME_EMAIL,dbt expert series - Invite (EMEA August),Will I see you this Friday at dbt Live: Expert Series?
82036426264,995bedad-d876-43da-8da5-2fe8641e3642,q3-2023_data-stack-chat_awareness,2022-08-15 16:25:44.086 +0000,2022-08-16 14:44:00.000 +0000,LOCALTIME_EMAIL,08/04/2022 Data Stack Chat Santa Monica - Reminder Email,See you at Santa Monica Brew Works this Thursday!
81968273206,,,2022-08-14 18:30:14.428 +0000,2022-08-14 18:30:16.148 +0000,BATCH_EMAIL,New email,
81866072121,,,2022-08-12 19:25:06.842 +0000,2022-08-12 19:25:08.462 +0000,AUTOMATED_EMAIL,New email,
81848143497,ba4f8cce-53d9-48a1-a61d-1a5f257109a7,Consulting Partner Newsletter,2022-08-12 15:27:01.099 +0000,2022-08-15 13:45:00.000 +0000,LOCALTIME_EMAIL,Services Partner Newsletter: Partner Office Hours,🤝 dbt Labs partner update: Partner Office Hours
81729099059,d46d8832-6c28-46af-bc4b-c830e695e1ca,q3-2023_dbt-live-expert-series_awareness,2022-08-11 12:49:16.566 +0000,2022-08-15 14:00:00.000 +0000,LOCALTIME_EMAIL,dbt Live: Expert Series Follow-up NA August,🔥 Thanks for registering for dbt Live: Expert Series with Randy!
81660723274,ebab74aa-1d40-47d4-baa4-c976f5241264,q2-2023_dbt-live-expert-series_awareness,2022-08-10 18:04:51.136 +0000,2022-08-12 14:00:00.000 +0000,LOCALTIME_EMAIL,dbt expert series - Invite (NA August #2),Are you joining us today for dbt Live: Expert Series? 
81648513143,8c9e060c-a224-4518-a288-290cb6e8186a,fy-2023_coalesce-2022_awareness,2022-08-10 15:36:41.649 +0000,2022-08-11 19:00:00.000 +0000,LOCALTIME_EMAIL,Coalesce Agenda is Live Announcement, The Coalesce Agenda is Now Live!
81573520444,,,2022-08-09 22:05:22.305 +0000,2022-08-09 22:05:24.139 +0000,BATCH_EMAIL,New email,
81572293804,ebab74aa-1d40-47d4-baa4-c976f5241264,q2-2023_dbt-live-expert-series_awareness,2022-08-09 21:46:01.372 +0000,2022-08-10 16:00:00.000 +0000,LOCALTIME_EMAIL,dbt expert series - Blog Recap August,dbt Live: Expert Series recaps on deck!
81571687772,c494e5b5-2103-4242-8d50-eca69ff5f446,q3-2023_dbt-101-paid-media_awareness,2022-08-09 21:21:01.817 +0000,2022-09-07 19:30:01.558 +0000,AUTOMATED_EMAIL,dbt 101 Paid Follow-up,dbt 101 Follow-up assets! 
81567864983,c494e5b5-2103-4242-8d50-eca69ff5f446,q3-2023_dbt-101-paid-media_awareness,2022-08-09 21:12:28.464 +0000,2022-09-07 19:29:20.996 +0000,AUTOMATED_EMAIL,dbt 101 Paid (AMA Reminder),Ready for an AMA session with a dbt specialist? 
81561780026,c494e5b5-2103-4242-8d50-eca69ff5f446,q3-2023_dbt-101-paid-media_awareness,2022-08-09 21:05:50.915 +0000,2022-09-07 19:40:56.704 +0000,AUTOMATED_EMAIL,dbt 101 Video Confirmation -Email One,💥 dbt 101 Materials 
81541300581,8c9e060c-a224-4518-a288-290cb6e8186a,fy-2023_coalesce-2022_awareness,2022-08-09 16:18:33.278 +0000,1970-01-01 00:00:00.000 +0000,LOCALTIME_EMAIL,Coalesce Agenda is Live Announcement,The Coalesce Agenda is Now Live!
81523820643,ebab74aa-1d40-47d4-baa4-c976f5241264,q2-2023_dbt-live-expert-series_awareness,2022-08-09 13:43:18.027 +0000,2022-08-10 18:06:00.000 +0000,LOCALTIME_EMAIL,dbt expert series - Invite (NA August),Will I see you this Friday at dbt Live: Expert Series?
81213860724,995bedad-d876-43da-8da5-2fe8641e3642,q3-2023_data-stack-chat_awareness,2022-08-05 14:30:51.938 +0000,2022-08-05 19:55:59.166 +0000,BATCH_EMAIL,No-Show Data Stack Chat: Cary NC Follow-up Email,Sorry we missed you!
81136343062,995bedad-d876-43da-8da5-2fe8641e3642,q3-2023_data-stack-chat_awareness,2022-08-04 21:54:57.643 +0000,2022-08-05 19:56:22.705 +0000,BATCH_EMAIL,ATTENDED Data Stack Chat: Cary NC Follow-up Email,Great seeing you at the Data Stack Chat event in Cary! 👋
81047484949,ebab74aa-1d40-47d4-baa4-c976f5241264,q2-2023_dbt-live-expert-series_awareness,2022-08-04 02:14:35.991 +0000,1970-01-01 00:00:00.000 +0000,LOCALTIME_EMAIL,q3-2023_dbt-101-paid-media_awareness - Email 1,Are you joining us today for dbt Live: Expert Series? 
80847756468,d46d8832-6c28-46af-bc4b-c830e695e1ca,q3-2023_dbt-live-expert-series_awareness,2022-08-02 11:47:31.073 +0000,2022-08-03 13:02:00.000 +0000,LOCALTIME_EMAIL,dbt expert series - Invite one general August,"We are going live with dbt Labs experts, you in?"
80537799019,ebab74aa-1d40-47d4-baa4-c976f5241264,q2-2023_dbt-live-expert-series_awareness,2022-07-29 13:05:36.528 +0000,2022-08-01 16:00:00.000 +0000,LOCALTIME_EMAIL,dbt Live: Expert Series Follow-up EMEA July,🔥 Thanks for registering for dbt Live: Expert Series with Afzal!
80458186424,995bedad-d876-43da-8da5-2fe8641e3642,q3-2023_data-stack-chat_awareness,2022-07-28 16:55:56.680 +0000,2022-08-09 14:00:00.000 +0000,LOCALTIME_EMAIL,Data Stack Chat Santa Monica Invite #2,Will we see you at Santa Monica Brew Works?
80454638655,995bedad-d876-43da-8da5-2fe8641e3642,q3-2023_data-stack-chat_awareness,2022-07-28 15:32:34.341 +0000,2022-08-02 14:00:00.000 +0000,BATCH_EMAIL,08/04/2022 Data Stack Chat Cary - Reminder Email,See you at Bond Brothers this Thursday!
80430231725,995bedad-d876-43da-8da5-2fe8641e3642,q3-2023_data-stack-chat_awareness,2022-07-28 11:35:19.936 +0000,2022-07-28 18:15:00.000 +0000,BATCH_EMAIL,Data Stack Chat Santa Monica Invite #1,Come hang with us in Santa Monica! 
80380853279,8c9e060c-a224-4518-a288-290cb6e8186a,fy-2023_coalesce-2022_awareness,2022-07-27 22:49:28.673 +0000,2022-07-27 22:54:44.586 +0000,BATCH_EMAIL,First Logistics Email — Coalesce Speakers (Online),Speaker Logistics Email # 1 — Coalesce 2022 💜
80376933801,8c9e060c-a224-4518-a288-290cb6e8186a,fy-2023_coalesce-2022_awareness,2022-07-27 22:16:06.865 +0000,2022-07-27 22:47:57.113 +0000,BATCH_EMAIL,First Logistics Email — Coalesce Speakers,Speaker Logistics Email # 1 — Coalesce 2022 💜
80372032347,eaa5912d-3039-4149-aa39-0665711fc597,Monthly Product Updates,2022-07-27 19:44:46.307 +0000,2022-07-28 13:15:11.343 +0000,BATCH_EMAIL,July '22 Product Update,Your July dbt product update 🐊
80253050884,ebab74aa-1d40-47d4-baa4-c976f5241264,q2-2023_dbt-live-expert-series_awareness,2022-07-26 17:16:56.666 +0000,2022-07-29 12:00:00.000 +0000,LOCALTIME_EMAIL,dbt expert series - Invite (EMEA July #2),Are you joining us today for dbt Live: Expert Series? 
80164358717,995bedad-d876-43da-8da5-2fe8641e3642,q3-2023_data-stack-chat_awareness,2022-07-25 21:19:27.072 +0000,2022-07-27 16:39:44.000 +0000,BATCH_EMAIL,Data Stack Chat Cary Invite #2,Join us for a chat in Cary
80163128200,ebab74aa-1d40-47d4-baa4-c976f5241264,q2-2023_dbt-live-expert-series_awareness,2022-07-25 20:47:30.774 +0000,2022-07-27 13:00:00.000 +0000,LOCALTIME_EMAIL,dbt expert series - Invite (EMEA July),Will I see you this Friday at dbt Live: Expert Series?
79957069966,,,2022-07-22 17:07:48.273 +0000,2022-07-22 17:07:49.952 +0000,BATCH_EMAIL,New email,
79934258251,ebab74aa-1d40-47d4-baa4-c976f5241264,q2-2023_dbt-live-expert-series_awareness,2022-07-22 13:11:30.866 +0000,2022-07-25 16:00:00.000 +0000,LOCALTIME_EMAIL,dbt Live: Expert Series Follow-up APAC July,🔥 Thanks for registering for dbt Live: Expert Series with Doug!
79616484475,995bedad-d876-43da-8da5-2fe8641e3642,q3-2023_data-stack-chat_awareness,2022-07-19 17:35:52.031 +0000,2022-07-20 13:15:00.000 +0000,BATCH_EMAIL,Data Stack Chat Cary Invite #1,Come hang with us in Cary!
79596755255,ebab74aa-1d40-47d4-baa4-c976f5241264,q2-2023_dbt-live-expert-series_awareness,2022-07-19 14:13:43.325 +0000,2022-07-21 16:00:00.000 +0000,LOCALTIME_EMAIL,dbt expert series - Blog Recap,dbt Live: Expert Series recaps on deck!
79595953454,ebab74aa-1d40-47d4-baa4-c976f5241264,q2-2023_dbt-live-expert-series_awareness,2022-07-19 14:07:02.449 +0000,2022-07-22 12:00:00.000 +0000,LOCALTIME_EMAIL,dbt expert series - Invite (APAC July #2),Are you joining us today for dbt Live: Expert Series? 
79595951015,ebab74aa-1d40-47d4-baa4-c976f5241264,q2-2023_dbt-live-expert-series_awareness,2022-07-19 13:58:21.819 +0000,2022-07-20 13:00:00.000 +0000,LOCALTIME_EMAIL,dbt expert series - Invite (APAC July),Will I see you this Friday at dbt Live: Expert Series?
79524993410,995bedad-d876-43da-8da5-2fe8641e3642,q3-2023_data-stack-chat_awareness,2022-07-18 21:13:23.999 +0000,2022-07-21 20:29:54.663 +0000,AUTOMATED_EMAIL,08/18/2022 Data Stack Chat Santa Monica,Thanks for your RSVP! We’ll see you at Santa Monica Brew Works!
79450549601,99657eca-48f5-46ac-9c0f-7bc8775c39c3,q3-2023_db_dbt_5tran_ceo_apac_revenue,2022-07-18 04:25:53.447 +0000,2022-07-18 05:43:24.258 +0000,BATCH_EMAIL,Invitation | Fireside Chat: CEOs and co-founders discuss the future data stack,Invitation | Fireside Chat: CEOs and co-founders discuss the future data stack
79314936411,ebab74aa-1d40-47d4-baa4-c976f5241264,q2-2023_dbt-live-expert-series_awareness,2022-07-15 16:33:31.255 +0000,2022-07-18 15:01:00.000 +0000,LOCALTIME_EMAIL,dbt Live: Expert Series Follow-up NA July,🔥 Thanks for registering for dbt Live: Expert Series with Aaron!
79313052827,8c9e060c-a224-4518-a288-290cb6e8186a,fy-2023_coalesce-2022_awareness,2022-07-15 16:11:21.618 +0000,1970-01-01 00:00:00.000 +0000,LOCALTIME_EMAIL,Coalesce 22 Email Template Light,Are you joining us at Coalesce in October? 💜
79313052314,,,2022-07-15 16:09:19.344 +0000,2022-07-15 16:10:04.020 +0000,BATCH_EMAIL,New email,
79310503294,8c9e060c-a224-4518-a288-290cb6e8186a,fy-2023_coalesce-2022_awareness,2022-07-15 16:37:42.926 +0000,1970-01-01 00:00:00.000 +0000,LOCALTIME_EMAIL,Coalesce 22 Email Template Dark,Are you joining us at Coalesce in October? 💜
79231768867,,,2022-07-14 18:29:24.861 +0000,2022-07-18 02:33:22.484 +0000,AUTOMATED_EMAIL,08/04/2022 Data Stack Chat Cary,Thanks for your RSVP! We’ll see you at Bond Brothers!
79231768726,,,2022-07-14 18:28:55.531 +0000,2022-07-14 18:28:56.991 +0000,AUTOMATED_EMAIL,New email,
79231767103,,,2022-07-14 18:22:42.293 +0000,2022-07-14 18:22:46.024 +0000,AUTOMATED_EMAIL,New email,
79136965478,c48cdddd-8726-43c2-8496-44ae42fb2740,q2-2023_databricks-summit-2022_awareness,2022-07-13 20:25:18.078 +0000,2022-07-13 21:00:00.000 +0000,BATCH_EMAIL,Let's get together again soon! 👋,Let's get together again soon! 👋
78995355054,ebab74aa-1d40-47d4-baa4-c976f5241264,q2-2023_dbt-live-expert-series_awareness,2022-07-12 14:03:45.292 +0000,2022-07-15 12:15:00.000 +0000,LOCALTIME_EMAIL,dbt expert series - Invite (NA July #2),Are you joining us today for dbt Live: Expert Series? 
78935438912,ebab74aa-1d40-47d4-baa4-c976f5241264,q2-2023_dbt-live-expert-series_awareness,2022-07-11 22:17:03.668 +0000,2022-07-12 17:02:00.000 +0000,LOCALTIME_EMAIL,dbt expert series - Invite (NA July),Will I see you this Friday at dbt Live: Expert Series?
78716105769,8c9e060c-a224-4518-a288-290cb6e8186a,fy-2023_coalesce-2022_awareness,2022-07-08 17:47:01.302 +0000,2022-07-08 17:55:00.000 +0000,LOCALTIME_EMAIL,Coalesce Registrant_Week of July 4,We can't wait to see you!
78565346706,8c9e060c-a224-4518-a288-290cb6e8186a,fy-2023_coalesce-2022_awareness,2022-07-07 15:54:39.740 +0000,2022-07-14 13:00:00.000 +0000,LOCALTIME_EMAIL,Coalesce Announcement_Week of July 11,Are you joining us at Coalesce in October? 💜
78565205678,8c9e060c-a224-4518-a288-290cb6e8186a,fy-2023_coalesce-2022_awareness,2022-07-07 15:06:39.507 +0000,2022-07-09 13:00:00.000 +0000,LOCALTIME_EMAIL,Coalesce Registrant_Week of July 4,We can't wait to see you!
78513491521,,No campaign,2022-07-07 00:06:19.181 +0000,1970-01-01 00:00:00.000 +0000,LOCALTIME_EMAIL,dbt 101 - What is dbt? Live Session (APAC),Join us for a live session of dbt 101: What is dbt?
78507333549,b5bf26f6-a4e9-45f6-a434-ab2474e60963,dbt 101 Live Session,2022-07-07 00:04:16.512 +0000,1970-01-01 00:00:00.000 +0000,LOCALTIME_EMAIL,dbt 101 - What is dbt? Live Session (APAC),🔥 dbt 101 follow-up materials!
78381862225,ebab74aa-1d40-47d4-baa4-c976f5241264,q2-2023_dbt-live-expert-series_awareness,2022-07-05 21:12:33.718 +0000,2022-07-06 16:02:00.000 +0000,LOCALTIME_EMAIL,dbt expert series - Invite one general July,"We are going live with dbt Labs experts, you in?"
78381829184,,,2022-07-05 21:22:22.963 +0000,2022-07-05 21:26:32.044 +0000,BATCH_EMAIL,Test email,hi {{ contact.firstname }}
78339159120,ebab74aa-1d40-47d4-baa4-c976f5241264,q2-2023_dbt-live-expert-series_awareness,2022-07-05 12:16:05.463 +0000,2022-07-06 16:02:00.000 +0000,LOCALTIME_EMAIL,dbt expert series - Invite one general July,"We are going live with dbt Labs experts, you in?"
78003660294,8c9e060c-a224-4518-a288-290cb6e8186a,fy-2023_coalesce-2022_awareness,2022-06-30 21:48:47.144 +0000,2022-06-30 22:11:38.396 +0000,BATCH_EMAIL,Coalesce Speaker Update 😀,Coalesce Speaker Update 😀
78001292842,,,2022-06-30 21:06:28.726 +0000,2022-07-01 21:20:10.759 +0000,BATCH_EMAIL,New email,
77884310555,,,2022-06-29 21:45:16.300 +0000,2022-06-29 21:45:17.631 +0000,BATCH_EMAIL,New email,
77884003955,10e0c66d-4f6b-43f4-b6fd-0103dec1b081,q2-2023_snowflake-summit-2022_awareness,2022-06-29 21:45:39.364 +0000,2022-06-30 15:00:00.000 +0000,BATCH_EMAIL,Thanks for stopping by our booth at Snowflake Summit!,Thanks for stopping by our booth! 
77866527161,c48cdddd-8726-43c2-8496-44ae42fb2740,q2-2023_databricks-summit-2022_awareness,2022-06-29 19:01:13.713 +0000,2022-06-30 13:02:00.000 +0000,LOCALTIME_EMAIL,Databricks Booth Scan Email Send 6/29/22,Thanks from dbt Labs ☺️
77853822291,,,2022-06-29 17:29:55.466 +0000,2022-06-29 17:33:00.523 +0000,BATCH_EMAIL,New email,
77850713136,10e0c66d-4f6b-43f4-b6fd-0103dec1b081,q2-2023_snowflake-summit-2022_awareness,2022-06-29 16:38:11.414 +0000,2022-06-29 21:29:36.015 +0000,AUTOMATED_EMAIL,Thanks for stopping by our booth at Snowflake Summit!,Thanks for stopping by our booth at Snowflake Summit!
77850711122,,,2022-06-29 16:31:01.678 +0000,2022-06-29 16:31:04.058 +0000,AUTOMATED_EMAIL,New email,
77843087973,95c559ed-48c0-4057-9a5a-8a5cf922e3e8,q3-2023-accountleaks-verifyemail,2022-06-29 17:44:49.636 +0000,2022-08-22 22:06:16.356 +0000,AUTOMATED_EMAIL,Transactional | Fail To Verify Email,dbt access is one click away—verify your email address
77352086645,ebab74aa-1d40-47d4-baa4-c976f5241264,q2-2023_dbt-live-expert-series_awareness,2022-06-24 12:14:11.798 +0000,2022-06-27 16:00:00.000 +0000,LOCALTIME_EMAIL,dbt Live: Expert Series Follow-up EMEA June,🔥 Thanks for registering for dbt Live: Expert Series with Mike!
77270383233,ebab74aa-1d40-47d4-baa4-c976f5241264,q2-2023_dbt-live-expert-series_awareness,2022-06-23 16:58:31.818 +0000,2022-06-24 12:00:00.000 +0000,LOCALTIME_EMAIL,dbt expert series - Invite (EMEA June #2),Are you joining us today for dbt Live: Expert Series? 
77157410726,8c9e060c-a224-4518-a288-290cb6e8186a,fy-2023_coalesce-2022_awareness,2022-06-22 18:33:30.782 +0000,1970-01-01 00:00:00.000 +0000,LOCALTIME_EMAIL,AP Test email DO NOT USE,Coalesce Online+ touching down in London
77008732546,ebab74aa-1d40-47d4-baa4-c976f5241264,q2-2023_dbt-live-expert-series_awareness,2022-06-21 13:15:13.051 +0000,2022-06-22 13:00:00.000 +0000,LOCALTIME_EMAIL,dbt expert series - Invite (EMEA June),Will I see you this Friday at dbt Live: Expert Series?
76652282473,ebab74aa-1d40-47d4-baa4-c976f5241264,q2-2023_dbt-live-expert-series_awareness,2022-06-16 22:26:49.292 +0000,2022-06-23 13:00:00.000 +0000,LOCALTIME_EMAIL,dbt Live: Expert Series Follow-up APAC June,🔥 Thanks for registering for dbt Live: Expert Series with Lee!
76526386603,8c9e060c-a224-4518-a288-290cb6e8186a,fy-2023_coalesce-2022_awareness,2022-06-15 21:48:36.143 +0000,2022-09-15 00:15:00.000 +0000,BATCH_EMAIL,Coalesce Sydney Announcement_Week of 9/12,Coalesce Online+ touching down in London
76512571679,8c9e060c-a224-4518-a288-290cb6e8186a,fy-2023_coalesce-2022_awareness,2022-06-15 17:58:28.905 +0000,2022-09-15 09:05:00.000 +0000,BATCH_EMAIL,Coalesce London Announcement_Week of 9/12,Coalesce Online+ touching down in London
76274160999,ebab74aa-1d40-47d4-baa4-c976f5241264,q2-2023_dbt-live-expert-series_awareness,2022-06-14 12:31:08.282 +0000,2022-06-15 16:00:00.000 +0000,LOCALTIME_EMAIL,dbt expert series - Invite (APAC June),Will I see you this Friday at dbt Live: Expert Series?
76205908580,,,2022-06-13 21:26:47.692 +0000,2022-06-13 21:32:02.445 +0000,BATCH_EMAIL,jz gif test,
76200336448,8c9e060c-a224-4518-a288-290cb6e8186a,fy-2023_coalesce-2022_awareness,2022-06-13 19:23:35.816 +0000,1970-01-01 00:00:00.000 +0000,LOCALTIME_EMAIL,Coalesce Announcement_Week of June20,Coalesce Online+ touching down in London and Sydney
75707808876,ebab74aa-1d40-47d4-baa4-c976f5241264,q2-2023_dbt-live-expert-series_awareness,2022-06-08 12:39:55.844 +0000,2022-06-13 16:00:00.000 +0000,LOCALTIME_EMAIL,dbt Live: Expert Series Follow-up NA June,🔥 Thanks for registering for dbt Live: Expert Series with Sung!
75604499583,ba4f8cce-53d9-48a1-a61d-1a5f257109a7,Consulting Partner Newsletter,2022-06-07 14:10:40.803 +0000,2022-06-07 15:48:35.528 +0000,BATCH_EMAIL,Services Partner Newsletter: the dbt Certification Program,🤝 dbt Labs partner update: the dbt Certification Program
75282750648,ebab74aa-1d40-47d4-baa4-c976f5241264,q2-2023_dbt-live-expert-series_awareness,2022-06-03 13:10:59.187 +0000,2022-06-03 16:45:00.000 +0000,LOCALTIME_EMAIL,dbt expert series - Invite one general June,"We are going live with dbt Labs experts, you in?"
75009895581,b5bf26f6-a4e9-45f6-a434-ab2474e60963,dbt 101 Live Session,2022-05-31 20:22:34.560 +0000,2022-06-02 12:30:00.000 +0000,LOCALTIME_EMAIL,dbt 101 live session - June follow-up,🔥 dbt 101 follow-up materials!
75002149499,ebab74aa-1d40-47d4-baa4-c976f5241264,q2-2023_dbt-live-expert-series_awareness,2022-05-31 19:34:29.796 +0000,2022-06-08 13:00:00.000 +0000,LOCALTIME_EMAIL,dbt expert series - Invite (NA June),Will I see you this Friday at dbt Live: Expert Series?
74894668062,ebab74aa-1d40-47d4-baa4-c976f5241264,q2-2023_dbt-live-expert-series_awareness,2022-05-30 19:12:49.676 +0000,2022-06-03 12:15:00.000 +0000,LOCALTIME_EMAIL,dbt expert series - Invite one general June,"We are going live with dbt Labs experts, you in?"
74658746160,ebab74aa-1d40-47d4-baa4-c976f5241264,q2-2023_dbt-live-expert-series_awareness,2022-05-27 02:33:55.726 +0000,2022-06-01 12:01:00.000 +0000,LOCALTIME_EMAIL,dbt Live: Expert Series Follow-up APAC,🔥 Thanks for registering for dbt Live: Expert Series with Bela!
74601015169,b5bf26f6-a4e9-45f6-a434-ab2474e60963,dbt 101 Live Session,2022-05-26 14:11:58.684 +0000,2022-05-31 13:00:00.000 +0000,LOCALTIME_EMAIL,dbt 101 live session (June) - Invite two,Last chance! dbt 101: A real-time look into dbt Cloud
74430395710,,,2022-05-24 21:46:51.645 +0000,2022-05-26 18:35:48.383 +0000,BATCH_EMAIL,Servian Webinar Email,"Data Stack Meetup (Servian, Snowflake, Fivetran, dbt Labs)"
74313168189,ebab74aa-1d40-47d4-baa4-c976f5241264,q2-2023_dbt-live-expert-series_awareness,2022-05-23 20:16:17.872 +0000,2022-05-25 14:00:00.000 +0000,LOCALTIME_EMAIL,dbt expert series - Invite (APAC),Will I see you this Friday at dbt Live: Expert Series?
74286300552,b5bf26f6-a4e9-45f6-a434-ab2474e60963,dbt 101 Live Session,2022-05-23 14:23:44.399 +0000,2022-05-24 14:00:00.000 +0000,LOCALTIME_EMAIL,dbt 101 live session (June) Invite one,🗓 Join us next week for dbt 101: A real-time look into dbt Cloud
74084319599,ebab74aa-1d40-47d4-baa4-c976f5241264,q2-2023_dbt-live-expert-series_awareness,2022-05-20 12:15:12.413 +0000,2022-05-23 16:00:00.000 +0000,LOCALTIME_EMAIL,dbt Live: Expert Series Follow-up EMEA,🔥 Thanks for registering for dbt Live: Expert Series with Sean! 
74030788462,eaa5912d-3039-4149-aa39-0665711fc597,Monthly Product Updates,2022-05-19 20:49:39.682 +0000,2022-05-20 15:32:17.799 +0000,BATCH_EMAIL,May '22 Product Update,dbt May product update 🍞
73909421381,,,2022-05-18 17:30:01.141 +0000,2022-05-20 12:19:11.480 +0000,AUTOMATED_EMAIL,06/13/2022 Snowflake Summit Exec Dinner,Thanks for your RSVP! We’ll see you in Vegas
73823137391,ebab74aa-1d40-47d4-baa4-c976f5241264,q2-2023_dbt-live-expert-series_awareness,2022-05-17 19:54:15.367 +0000,2022-05-17 19:58:11.391 +0000,BATCH_EMAIL,jz test - dbt expert series - Invite two (EMEA),Will I see you this Friday at dbt Live: Expert Series?
73797347842,ebab74aa-1d40-47d4-baa4-c976f5241264,q2-2023_dbt-live-expert-series_awareness,2022-05-17 14:16:36.142 +0000,2022-05-18 20:00:00.000 +0000,LOCALTIME_EMAIL,dbt expert series - Invite two (EMEA),Will I see you this Friday at dbt Live: Expert Series?
73784472188,8c9e060c-a224-4518-a288-290cb6e8186a,fy-2023_coalesce-2022_awareness,2022-05-17 12:05:21.692 +0000,2022-05-17 16:00:00.000 +0000,LOCALTIME_EMAIL,Coalesce Announcement_Week of May16th,A closer look at Coalesce Hub and Coalesce Online
73547693697,ebab74aa-1d40-47d4-baa4-c976f5241264,q2-2023_dbt-live-expert-series_awareness,2022-05-13 19:07:17.443 +0000,2022-05-16 13:47:27.522 +0000,BATCH_EMAIL,dbt Live: Expert Series Follow-up NA,🔥 Thanks for registering for dbt Live: Expert Series with Randy! 
73248113826,ba4f8cce-53d9-48a1-a61d-1a5f257109a7,Consulting Partner Newsletter,2022-05-10 20:08:56.882 +0000,2022-05-11 18:07:32.694 +0000,BATCH_EMAIL,Services Partner Newsletter: May 2022,🤝 dbt Labs partner update: New Partner Portal edition
73248112394,b5bf26f6-a4e9-45f6-a434-ab2474e60963,dbt 101 Live Session,2022-05-10 20:03:35.029 +0000,2022-05-16 13:52:08.838 +0000,BATCH_EMAIL,dbt 101 live session - Nurture (Audience 4),Learn exactly what dbt is in your downtime 📖
73197719097,ebab74aa-1d40-47d4-baa4-c976f5241264,q2-2023_dbt-live-expert-series_awareness,2022-05-10 12:45:45.680 +0000,2022-05-11 17:15:00.000 +0000,LOCALTIME_EMAIL,dbt expert series - Invite two (NA),"I'm going live this Friday, come hang out! "
72653074615,ebab74aa-1d40-47d4-baa4-c976f5241264,q2-2023_dbt-live-expert-series_awareness,2022-05-03 18:51:49.955 +0000,2022-05-05 16:17:00.000 +0000,LOCALTIME_EMAIL,dbt expert series - Invite one general,"We are going live with dbt Labs experts, you in?"
72646590609,,,2022-05-03 19:07:40.595 +0000,2022-05-03 19:07:42.948 +0000,AUTOMATED_EMAIL,New email,
72300438840,,,2022-04-29 23:41:14.507 +0000,2022-05-19 15:26:41.993 +0000,AUTOMATED_EMAIL,Follow up email 1 for Content Download: Accelerators for Cloud Data Platform Transitions,dbt Labs Guide: Accelerators for Cloud Data Platform Transitions
72193377038,b5bf26f6-a4e9-45f6-a434-ab2474e60963,dbt 101 Live Session,2022-04-28 19:08:26.120 +0000,2022-04-29 13:30:00.000 +0000,LOCALTIME_EMAIL,dbt 101 live session - April follow-up,🔥 dbt 101 follow-up materials!
72115400624,,,2022-04-27 23:06:44.143 +0000,2022-04-28 00:21:54.806 +0000,BATCH_EMAIL,New email,
72112292508,c7ba4d12-5789-4212-93ff-d280ae64d195,Company News,2022-04-28 01:07:08.828 +0000,2022-04-28 13:00:00.000 +0000,BATCH_EMAIL,Security PAT Notification April 2022,Security Notification / Action Recommended: Rotate Git Secrets Saved as Env Vars in dbt Cloud
71536654682,8c9e060c-a224-4518-a288-290cb6e8186a,fy-2023_coalesce-2022_awareness,2022-04-20 17:59:44.531 +0000,2022-04-28 16:00:00.000 +0000,LOCALTIME_EMAIL,Coalesce Announcement_Week of April 25th,Registration for Coalesce 2022 is now open! 
71536654134,b5bf26f6-a4e9-45f6-a434-ab2474e60963,dbt 101 Live Session,2022-04-20 17:57:42.767 +0000,2022-04-25 20:30:00.000 +0000,LOCALTIME_EMAIL,dbt 101 live session (April) - Invite two,Can you join us on Thursday? 
71437367050,b5bf26f6-a4e9-45f6-a434-ab2474e60963,dbt 101 Live Session,2022-04-19 18:10:45.768 +0000,2022-04-20 17:30:00.000 +0000,LOCALTIME_EMAIL,dbt 101 live session (April) - Invite one,💥 Join us next week for a live session of dbt 101: A real-time look into dbt Cloud
71190524827,eaa5912d-3039-4149-aa39-0665711fc597,Monthly Product Updates,2022-04-15 20:02:40.786 +0000,2022-04-21 15:44:58.524 +0000,BATCH_EMAIL,April '22 Product Update,dbt April product update 🏎️
70015203257,,,2022-04-01 14:52:07.638 +0000,2022-04-01 14:52:10.364 +0000,BATCH_EMAIL,New email,
69918537831,eaa5912d-3039-4149-aa39-0665711fc597,Monthly Product Updates,2022-03-31 15:16:15.767 +0000,2022-03-31 15:17:41.331 +0000,BATCH_EMAIL,March '22 Product Update (Clone),dbt March product update 🚀
69860361379,eaa5912d-3039-4149-aa39-0665711fc597,Monthly Product Updates,2022-03-31 00:10:27.708 +0000,2022-03-31 15:07:29.509 +0000,BATCH_EMAIL,March '22 Product Update,dbt March product update 🚀
69655678743,,,2022-03-28 17:29:31.484 +0000,2022-03-28 17:29:33.479 +0000,BATCH_EMAIL,New email,
69644555779,95bfb312-3b03-4cb4-b3d9-53f61120bdc9,Research,2022-03-28 15:27:33.019 +0000,2022-03-28 17:01:35.343 +0000,BATCH_EMAIL,dbt website research survey - send 3 (oct-nov 2021 signups),Can you help us improve dbt?
69492471893,2a3e610c-524a-4846-807b-257b28b460e2,q3-2023-accountleaks-cc-expiration,2022-03-25 19:17:37.634 +0000,2022-06-13 21:33:42.655 +0000,AUTOMATED_EMAIL,Transactional | Expiring Credit Card Email #2,Your dbt Cloud payment method expires this month
69487350709,2a3e610c-524a-4846-807b-257b28b460e2,q3-2023-accountleaks-cc-expiration,2022-03-25 19:15:45.582 +0000,2022-06-13 21:33:20.921 +0000,AUTOMATED_EMAIL,Transactional | Expiring Credit Card Email #1,dbt Cloud credit card expiring soon
69479488338,,,2022-03-25 17:59:16.088 +0000,2022-03-25 17:59:18.093 +0000,BATCH_EMAIL,New email,
69219663270,e831ffde-04fb-4679-81b1-64be3125714d,Product Onboarding,2022-03-23 00:28:09.497 +0000,2022-04-13 21:01:41.361 +0000,AUTOMATED_EMAIL,[Clone: Databricks PC] Product Onboarding | 1 | Account Setup,Setting up your dbt Cloud account
69182785876,b5bf26f6-a4e9-45f6-a434-ab2474e60963,dbt 101 Live Session,2022-03-22 15:11:33.944 +0000,2022-03-24 13:15:00.000 +0000,LOCALTIME_EMAIL,dbt 101 live session - Slalom follow-up,🔥 dbt 101 follow-up materials!
68774600793,b5bf26f6-a4e9-45f6-a434-ab2474e60963,dbt 101 Live Session,2022-03-17 13:32:10.526 +0000,2022-03-18 19:00:00.000 +0000,LOCALTIME_EMAIL,dbt 101 live session w/ Slalom - Invite two,Don't miss it! Tuesday: Using dbt to solve real world problems
68672112443,,,2022-03-16 13:30:41.579 +0000,2022-03-29 18:02:01.637 +0000,BATCH_EMAIL,2021 GT badge offering,dbt Learn Fundamentals badge opportunity
68477046299,b5bf26f6-a4e9-45f6-a434-ab2474e60963,dbt 101 Live Session,2022-03-14 13:38:46.774 +0000,2022-03-15 15:20:00.000 +0000,LOCALTIME_EMAIL,dbt 101 live session w/ Slalom - Invite one,📖 Stories from builders for builders
68112171646,95fb5c44-3f31-475c-b58c-3dd89876f843,Product launches,2022-03-09 13:46:25.711 +0000,2022-03-09 14:10:16.104 +0000,BATCH_EMAIL,Upgrade to v1 March nudge,Action Required: Upgrade to dbt v1.0 before June 30
68059237300,086db204-2fae-4a91-acda-966bd4c87b4f,q1-2022_aws-dev-day_awareness,2022-03-08 21:49:47.710 +0000,2022-03-09 20:30:00.000 +0000,LOCALTIME_EMAIL,AWS Workshop - Follow up NA + EMEA,Dev Day Workshop follow-up materials
68055044234,,,2022-03-08 21:55:43.935 +0000,2022-03-08 21:56:36.118 +0000,BATCH_EMAIL,Studio Retail Service Disruption 3/11/22,dbt Cloud maintenance: 11 March 2022
68048759989,,,2022-03-08 19:22:35.933 +0000,2022-03-08 19:27:02.354 +0000,BATCH_EMAIL,Acquila Capital Service Disruption 3/11/22,dbt Cloud maintenance: 11 March 2022
68029348448,95bfb312-3b03-4cb4-b3d9-53f61120bdc9,Research,2022-03-08 16:00:47.366 +0000,2022-03-08 16:07:46.641 +0000,BATCH_EMAIL,dbt website research interviews - send 3 (NA),Can you help us improve dbt?
68027635007,95bfb312-3b03-4cb4-b3d9-53f61120bdc9,Research,2022-03-08 16:00:58.903 +0000,2022-03-09 14:45:00.000 +0000,LOCALTIME_EMAIL,dbt website research interviews - send 3 (EMEA),Can you help us improve dbt?
68016421393,086db204-2fae-4a91-acda-966bd4c87b4f,q1-2022_aws-dev-day_awareness,2022-03-08 13:35:36.689 +0000,2022-03-09 13:30:00.000 +0000,LOCALTIME_EMAIL,AWS Workshop - Follow up APAC,Dev Day Workshop follow-up materials
67687781148,,,2022-03-04 00:11:51.274 +0000,2022-03-08 19:20:33.860 +0000,BATCH_EMAIL,Sweaty Betty Service Disruption 3/11/22,dbt Cloud maintenance: 11 March 2022
67677672291,086db204-2fae-4a91-acda-966bd4c87b4f,q1-2022_aws-dev-day_awareness,2022-03-03 22:35:39.939 +0000,2022-03-04 16:00:00.000 +0000,LOCALTIME_EMAIL,AWS Workshop - Invite Two (un-engaged list),🗓 AWS Dev Day Workshop
67677321143,086db204-2fae-4a91-acda-966bd4c87b4f,q1-2022_aws-dev-day_awareness,2022-03-03 22:27:02.437 +0000,2022-03-04 16:00:00.000 +0000,LOCALTIME_EMAIL,AWS Workshop - Invite Two (engaged list),🗓 AWS Dev Day Workshop
67634265937,b5bf26f6-a4e9-45f6-a434-ab2474e60963,dbt 101 Live Session,2022-03-03 12:28:58.002 +0000,2022-03-04 13:14:00.000 +0000,LOCALTIME_EMAIL,dbt 101 live session - EMEA follow-up,dbt 101 follow-up materials! 
67488123809,b5bf26f6-a4e9-45f6-a434-ab2474e60963,dbt 101 Live Session,2022-03-01 21:14:53.709 +0000,1970-01-01 00:00:00.000 +0000,LOCALTIME_EMAIL,dbt 101 live session - Wake the dead Email Two NA & APAC,a dbt Cloud story you should watch!
67349733460,b5bf26f6-a4e9-45f6-a434-ab2474e60963,dbt 101 Live Session,2022-02-28 18:10:13.508 +0000,2022-03-01 13:00:00.000 +0000,LOCALTIME_EMAIL,dbt 101Live Session EMEA - Invite Two,Will I see you at the dbt 101 session?
67066354793,95bfb312-3b03-4cb4-b3d9-53f61120bdc9,Research,2022-02-24 20:18:18.166 +0000,2022-02-25 15:00:00.000 +0000,LOCALTIME_EMAIL,dbt website research interviews - send 2 (EMEA),Can you help us improve dbt?
67065930524,95bfb312-3b03-4cb4-b3d9-53f61120bdc9,Research,2022-02-24 20:15:52.186 +0000,2022-02-25 15:00:00.000 +0000,LOCALTIME_EMAIL,dbt website research interviews - send 2 (NA),Can you help us improve dbt?
66859143854,086db204-2fae-4a91-acda-966bd4c87b4f,q1-2022_aws-dev-day_awareness,2022-02-22 15:04:27.541 +0000,2022-02-25 12:30:00.000 +0000,LOCALTIME_EMAIL,AWS Workshop - Invite One (engaged list),Interactive session: set up dbt Cloud on Redshift
66854777966,086db204-2fae-4a91-acda-966bd4c87b4f,q1-2022_aws-dev-day_awareness,2022-02-22 14:44:31.631 +0000,2022-02-25 13:02:00.000 +0000,LOCALTIME_EMAIL,AWS Workshop - Invite One (unengaged list),Interactive session: set up dbt Cloud on Redshift
66612743068,95bfb312-3b03-4cb4-b3d9-53f61120bdc9,Research,2022-02-18 15:50:44.426 +0000,2022-02-21 18:30:00.000 +0000,LOCALTIME_EMAIL,dbt website research interviews - send 1 (EMEA),Can you help us improve dbt?
66612544330,95bfb312-3b03-4cb4-b3d9-53f61120bdc9,Research,2022-02-18 16:01:33.208 +0000,2022-02-18 16:04:35.270 +0000,BATCH_EMAIL,dbt website research interviews - send 1 (NA),Can you help us improve dbt?
66535298063,b5bf26f6-a4e9-45f6-a434-ab2474e60963,q1-2022_dbt-101-live-session_awareness,2022-02-17 18:01:46.851 +0000,2022-02-21 12:01:00.000 +0000,LOCALTIME_EMAIL,dbt 101Live Session EMEA - Invite One,Join us for a live session of dbt 101 
66477279264,eaa5912d-3039-4149-aa39-0665711fc597,Monthly Product Updates,2022-02-17 05:35:00.077 +0000,2022-02-17 17:43:03.443 +0000,BATCH_EMAIL,Feb '22 Product Update,Welcome back to the dbt product update 👩‍🎤
66451800132,95bfb312-3b03-4cb4-b3d9-53f61120bdc9,Research,2022-02-16 20:13:21.809 +0000,2022-02-16 20:23:09.687 +0000,BATCH_EMAIL,dbt website research survey - send 2 (dec 2021 signups),Can you help us improve dbt?
66234272655,b5bf26f6-a4e9-45f6-a434-ab2474e60963,dbt 101 Live Session,2022-02-14 17:22:24.772 +0000,2022-02-16 12:30:00.000 +0000,LOCALTIME_EMAIL,dbt 101 live session - Wake the dead APAC,What does it take to build a dbt project from scratch?
66086691120,b5bf26f6-a4e9-45f6-a434-ab2474e60963,dbt 101 Live Session,2022-02-11 21:13:18.093 +0000,2022-02-15 21:45:00.000 +0000,LOCALTIME_EMAIL,dbt 101 live session - Wake the dead NA,What does it take to build a dbt project from scratch?
65809367822,95fb5c44-3f31-475c-b58c-3dd89876f843,Product launches,2022-02-08 23:06:31.414 +0000,2022-02-09 14:15:00.000 +0000,BATCH_EMAIL,0.19.0-0.21.0 to v1.0 nudge,Action Requested: Upgrade to dbt v1.0
65807404114,95fb5c44-3f31-475c-b58c-3dd89876f843,Product launches,2022-02-08 22:50:30.509 +0000,1970-01-01 00:00:00.000 +0000,BATCH_EMAIL,Service Token Update #2 (Clone),Reminder: Update dbt Cloud service tokens
65798554370,95fb5c44-3f31-475c-b58c-3dd89876f843,Product launches,2022-02-08 23:02:03.792 +0000,2022-02-09 14:00:00.000 +0000,BATCH_EMAIL,<0.19.0 to v1 nudge,Action Required: Upgrade to dbt v1.0
65697893736,95fb5c44-3f31-475c-b58c-3dd89876f843,Product launches,2022-02-07 23:44:04.996 +0000,2022-02-08 18:00:00.000 +0000,BATCH_EMAIL,Service Token Update #2,Reminder: Update dbt Cloud service tokens
65355518026,b5bf26f6-a4e9-45f6-a434-ab2474e60963,dbt 101 Live Session,2022-02-02 20:47:18.543 +0000,2022-02-03 03:14:40.296 +0000,BATCH_EMAIL,dbt 101 live session - APAC follow-up,dbt 101 follow-up materials! 
65270480303,95fb5c44-3f31-475c-b58c-3dd89876f843,Product launches,2022-02-01 20:32:04.157 +0000,2022-02-02 14:00:00.000 +0000,BATCH_EMAIL,Service Token Update,Updating dbt Cloud service tokens
64884702350,b5bf26f6-a4e9-45f6-a434-ab2474e60963,dbt 101 Live Session,2022-01-27 15:45:41.318 +0000,2022-01-28 17:04:36.833 +0000,BATCH_EMAIL,dbt 101 live session - NA follow-up,dbt 101 follow-up materials! 
64792648722,95bfb312-3b03-4cb4-b3d9-53f61120bdc9,Research,2022-01-26 17:29:18.438 +0000,2022-01-26 18:22:23.315 +0000,BATCH_EMAIL,dbt website research survey,Your 14 days with dbt
64592139910,b5bf26f6-a4e9-45f6-a434-ab2474e60963,dbt 101 Live Session,2022-01-24 14:27:44.099 +0000,2022-01-25 21:00:00.000 +0000,LOCALTIME_EMAIL,dbt 101 live session - Invite two,Will I see you at the dbt 101 session?
63910290435,b5bf26f6-a4e9-45f6-a434-ab2474e60963,dbt 101 Live Session,2022-01-14 16:13:06.327 +0000,2022-01-14 16:30:00.000 +0000,LOCALTIME_EMAIL,dbt 101 live session - Invite one,Join us for a live session of dbt 101 
63828515083,b075c464-ff58-4c6e-b97c-b0e1e11decff,dbt 101,2022-01-13 20:45:18.457 +0000,1970-01-01 00:00:00.000 +0000,LOCALTIME_EMAIL,dbt 101 live session - Invite one,Join us for a live session of dbt 101 
63626926222,27302720-cf75-465a-b839-792d15be85c8,h2-2021_coalesce-2021_awareness,2022-01-11 18:43:30.986 +0000,2022-01-11 20:00:00.000 +0000,LOCALTIME_EMAIL,dbt 101 live session - Alexis Invite,Thanks for joining me at dbt 101!
63546656109,27302720-cf75-465a-b839-792d15be85c8,h2-2021_coalesce-2021_awareness,2022-01-10 21:10:15.174 +0000,2022-01-11 20:00:00.000 +0000,LOCALTIME_EMAIL,dbt 101 live session - Alexis Invite,Thanks for joining me at dbt 101!
63519851652,9cf7a7cc-4d0a-4c01-93c2-a7b9a9b2e75b,Coalesce 2021,2022-01-10 16:50:48.787 +0000,2022-01-11 18:30:00.000 +0000,LOCALTIME_EMAIL,Coalesce 2021: Coalesce Wrap Email 3, Coalesce Wrapped 2021? IYKYK
63350799735,9cf7a7cc-4d0a-4c01-93c2-a7b9a9b2e75b,Coalesce 2021,2022-01-07 13:36:00.962 +0000,2022-01-07 13:40:00.000 +0000,LOCALTIME_EMAIL,Coalesce 2021: Customer Stories Cloud Users,A Vibe Boost for 2022: Re-Live Moments From Coalesce
62923374976,9307548f-ab7d-4edc-9251-c2b2c1d466ec,Community Newsletter,2021-12-31 12:59:35.043 +0000,2021-12-31 13:01:17.594 +0000,BATCH_EMAIL,"Community Newsletter - Dec 31st, 2021 v2",Community means saying ""Thank You""
62901965873,9307548f-ab7d-4edc-9251-c2b2c1d466ec,Community Newsletter,2021-12-31 02:20:48.235 +0000,1970-01-01 00:00:00.000 +0000,LOCALTIME_EMAIL,"Community Newsletter - Dec 31st, 2021",Thank you for bringing your best in 2021
62483504554,,Coalesce 2021,2021-12-22 22:19:09.012 +0000,2021-12-22 22:31:59.427 +0000,BATCH_EMAIL,Coalesce 2021: Sponsor thank-you,Thank you for supporting Coalesce 2021
62444003886,9cf7a7cc-4d0a-4c01-93c2-a7b9a9b2e75b,Coalesce 2021,2021-12-22 14:30:54.762 +0000,2022-01-07 13:35:00.000 +0000,LOCALTIME_EMAIL,Coalesce 2021: Customer Stories Non-Cloud Users,A Vibe Boost for 2022: Re-Live Moments From Coalesce
62442668868,9cf7a7cc-4d0a-4c01-93c2-a7b9a9b2e75b,Coalesce 2021,2021-12-22 14:17:46.791 +0000,2022-01-07 13:35:00.000 +0000,LOCALTIME_EMAIL,Coalesce 2021: Customer Stories Cloud Users,A Vibe Boost for 2022: Re-Live Moments From Coalesce
62393226032,eaa5912d-3039-4149-aa39-0665711fc597,Monthly Product Updates,2021-12-21 20:23:44.914 +0000,1970-01-01 00:00:00.000 +0000,LOCALTIME_EMAIL,Dec '21 Product Update (Clone),dbt Product Update: December 2021 ❄️
62373873578,eaa5912d-3039-4149-aa39-0665711fc597,Monthly Product Updates,2021-12-21 15:36:58.194 +0000,1970-01-01 00:00:00.000 +0000,BATCH_EMAIL,dbt Product Update: 🌊 Nov 2021 (Clone),dbt Product Update: 🌊 Nov 2021
62319418158,,Coalesce 2021,2021-12-20 21:29:41.595 +0000,2021-12-21 17:03:00.000 +0000,LOCALTIME_EMAIL,Coalesce 2021: Recap Blog Post 50-,Catching Up On Coalesce Over The Holidays?
62319107876,,Coalesce 2021,2021-12-20 21:11:29.674 +0000,2021-12-21 17:05:00.000 +0000,LOCALTIME_EMAIL,Coalesce 2021: Recap Blog Post 50+,Catching Up On Coalesce Over The Holidays?
62319069480,7077d41e-35b3-4f46-88fe-c8b0c6d7d61c,dbt Events,2021-12-20 20:38:16.799 +0000,2021-12-23 13:00:00.000 +0000,LOCALTIME_EMAIL,12.23 Meetup 2021 EOY email,🌱 dbt Meetups | A 2021 Recap
62313581726,eaa5912d-3039-4149-aa39-0665711fc597,Monthly Product Updates,2021-12-20 19:07:38.149 +0000,2021-12-22 14:00:00.000 +0000,LOCALTIME_EMAIL,Dec '21 Product Update,dbt Product Update: December 2021 ❄️
62178421689,,,2021-12-18 01:41:12.193 +0000,2021-12-18 04:15:47.013 +0000,BATCH_EMAIL,New email,
61926875018,9cf7a7cc-4d0a-4c01-93c2-a7b9a9b2e75b,Coalesce 2021,2021-12-14 22:18:32.328 +0000,2021-12-15 15:15:00.000 +0000,LOCALTIME_EMAIL,Coalesce 2021: Attendee Survey-Request 2 Final,"So, what did you think of Coalesce? "
61900128290,9cf7a7cc-4d0a-4c01-93c2-a7b9a9b2e75b,Coalesce 2021,2021-12-14 15:48:06.232 +0000,2021-12-15 15:15:00.000 +0000,LOCALTIME_EMAIL,Coalesce 2021: Attendee Survey-Request 2,"So, what did you think of Coalesce? "
61837279900,e831ffde-04fb-4679-81b1-64be3125714d,Product Onboarding,2021-12-13 21:49:51.737 +0000,2021-12-14 17:26:20.056 +0000,BATCH_EMAIL,Log4J Security Update,Regarding the Log4j vulnerability
61595008784,9cf7a7cc-4d0a-4c01-93c2-a7b9a9b2e75b,Coalesce 2021,2021-12-09 22:57:42.794 +0000,2021-12-10 03:08:56.232 +0000,BATCH_EMAIL,Coalesce '21 Thurs PM2,Thank you for joining Coalesce 2021! Was it useful? Entertaining? Take the survey!💜
61582112779,9cf7a7cc-4d0a-4c01-93c2-a7b9a9b2e75b,Coalesce 2021,2021-12-09 19:29:54.082 +0000,2021-12-09 21:28:41.459 +0000,BATCH_EMAIL,Coalesce '21 Thurs AM2,Coalesce Day 5: Getting meta and eating data 🍪
61563790601,9cf7a7cc-4d0a-4c01-93c2-a7b9a9b2e75b,Coalesce 2021,2021-12-09 16:03:43.913 +0000,2021-12-09 19:29:23.108 +0000,BATCH_EMAIL,Coalesce '21 Thurs PM1,"Coalesce Day 4 EMEA Recap: Data mesh, data dream teams, and data modeling at scale 🌀"
61522469406,9cf7a7cc-4d0a-4c01-93c2-a7b9a9b2e75b,Coalesce 2021,2021-12-09 03:43:28.378 +0000,2021-12-09 08:15:46.214 +0000,BATCH_EMAIL,Coalesce '21 Thurs AM1,"Coalesce Day 4: Data Mesh, Dream Teams, and Tina Turner ⚡"
61494016948,9cf7a7cc-4d0a-4c01-93c2-a7b9a9b2e75b,Coalesce 2021,2021-12-08 18:17:29.617 +0000,2021-12-09 03:13:31.875 +0000,BATCH_EMAIL,Coalesce '21 Weds PM,"Coalesce Day 3 Recap: Marie Antoinette, ML, and More Metrics"
61427216521,9cf7a7cc-4d0a-4c01-93c2-a7b9a9b2e75b,Coalesce 2021,2021-12-08 02:49:37.568 +0000,2021-12-08 02:52:09.137 +0000,BATCH_EMAIL,Coalesce '21 Tuesday PM,"Coalesce Day 2 Recap: A funeral, an outage, & the good old days"
61421219496,27302720-cf75-465a-b839-792d15be85c8,h2-2021_coalesce-2021_awareness,2021-12-07 22:41:32.027 +0000,2021-12-08 16:15:00.000 +0000,BATCH_EMAIL,Coalesce Partner Event: Recap,Coalesce Partner Event: Recap
61421046553,9cf7a7cc-4d0a-4c01-93c2-a7b9a9b2e75b,Coalesce 2021,2021-12-07 21:28:31.836 +0000,2021-12-08 02:40:47.513 +0000,BATCH_EMAIL,Coalesce '21 Tuesday PM,"Coalesce Day 2 Recap: An outage, a funeral, & the good old days"
61402137606,,,2021-12-07 19:01:40.464 +0000,2021-12-10 13:24:49.862 +0000,BATCH_EMAIL,20211207 learn update to completed learners,New opportunity for dbt Fundamentals badge
61401819412,,,2021-12-07 19:08:45.949 +0000,2021-12-10 14:13:33.882 +0000,BATCH_EMAIL,20211207 learn update to partial learners,New version of dbt Fundamentals released with quiz and badging!
61383959403,9cf7a7cc-4d0a-4c01-93c2-a7b9a9b2e75b,Coalesce 2021,2021-12-07 14:59:03.403 +0000,2021-12-08 12:52:32.009 +0000,BATCH_EMAIL,Coalesce '21 Weds AM,"Coalesce Day 3: Product keynote, metrics on metrics, and Duke Caboom"
61342573988,9cf7a7cc-4d0a-4c01-93c2-a7b9a9b2e75b,Coalesce 2021,2021-12-07 02:49:11.703 +0000,2021-12-07 12:30:00.000 +0000,BATCH_EMAIL,Coalesce '21 Tuesday AM,Coalesce Day 2: Full agenda + session summaries 
61331417254,9cf7a7cc-4d0a-4c01-93c2-a7b9a9b2e75b,Coalesce 2021,2021-12-06 22:37:49.503 +0000,2021-12-07 02:34:26.514 +0000,BATCH_EMAIL,Coalesce '21 Monday PM,"Coalesce Day 1 Recap: Recordings, Slides, and Slack chats! 💥 "
61331409838,9cf7a7cc-4d0a-4c01-93c2-a7b9a9b2e75b,Coalesce 2021,2021-12-06 22:07:28.264 +0000,2021-12-10 14:45:00.000 +0000,LOCALTIME_EMAIL,Coalesce 2021: Sponsors Post Event Survey,Thank you for supporting Coalesce 2021
61330962988,9cf7a7cc-4d0a-4c01-93c2-a7b9a9b2e75b,Coalesce 2021,2021-12-06 22:06:04.539 +0000,2021-12-10 15:15:00.000 +0000,LOCALTIME_EMAIL,Coalesce 2021: Speakers Post Event Survey,Thank you for speaking at Coalesce 2021
61330961511,9cf7a7cc-4d0a-4c01-93c2-a7b9a9b2e75b,Coalesce 2021,2021-12-06 21:59:49.603 +0000,1970-01-01 00:00:00.000 +0000,LOCALTIME_EMAIL,Coalesce 2021: Attendee Post Event Survey,Thank you for attending Coalesce 2021
61246423810,9cf7a7cc-4d0a-4c01-93c2-a7b9a9b2e75b,Coalesce 2021,2021-12-06 00:22:55.391 +0000,2021-12-06 13:30:00.000 +0000,BATCH_EMAIL,Coalesce '21 Monday AM,Coalesce Day 1: Meet your session guide (it's me 😀)
61142197084,9cf7a7cc-4d0a-4c01-93c2-a7b9a9b2e75b,Coalesce 2021,2021-12-03 18:41:27.025 +0000,2021-12-05 13:00:00.000 +0000,LOCALTIME_EMAIL,Coalesce 2021: Final Attendee Reminders_2021-12-05,Coalesce 2021: How to Watch & Attendee Checklist
61073194548,27302720-cf75-465a-b839-792d15be85c8,h2-2021_coalesce-2021_awareness,2021-12-02 20:35:05.880 +0000,2021-12-03 14:00:00.000 +0000,LOCALTIME_EMAIL,12.3 Meetup Email Reminder,Coalesce is next week! 🎉 Register today!
60987807875,,Coalesce 2021,2021-12-01 19:52:17.386 +0000,2021-12-02 15:30:00.000 +0000,LOCALTIME_EMAIL,Coalesce Announcement_Better with a Friend -Final,Didn’t get a team offsite ‘in’ this year? Here’s an idea.
60980111174,9cf7a7cc-4d0a-4c01-93c2-a7b9a9b2e75b,Coalesce 2021,2021-12-01 19:11:16.803 +0000,1970-01-01 00:00:00.000 +0000,LOCALTIME_EMAIL,Test Email,Last chance: Monday is the big day
60920935001,9cf7a7cc-4d0a-4c01-93c2-a7b9a9b2e75b,Coalesce 2021,2021-12-01 02:17:41.539 +0000,2021-12-03 15:15:00.000 +0000,LOCALTIME_EMAIL,Coalesce 2021 Incomplete Registration Nudge 2,You’re almost there. Finish signing up for Coalesce today!
60911066748,9cf7a7cc-4d0a-4c01-93c2-a7b9a9b2e75b,Coalesce 2021,2021-11-30 23:24:28.720 +0000,2021-12-01 13:00:00.000 +0000,LOCALTIME_EMAIL,Q4 - Coalesce Invite - Last Chance (final),Last chance: Monday is the big day
60896894775,9cf7a7cc-4d0a-4c01-93c2-a7b9a9b2e75b,Coalesce 2021,2021-11-30 19:08:54.035 +0000,2021-12-01 13:06:00.000 +0000,LOCALTIME_EMAIL,Q4 - Coalesce Invite - Last Chance,Last chance: Monday is the big day
60877663365,,Coalesce 2021,2021-11-30 15:39:04.994 +0000,2021-12-02 15:30:00.000 +0000,LOCALTIME_EMAIL,Coalesce Announcement_Better with a Friend,Didn’t get a team offsite ‘in’ this year? Here’s an idea.
60456294039,9cf7a7cc-4d0a-4c01-93c2-a7b9a9b2e75b,Coalesce 2021,2021-11-24 16:45:41.964 +0000,2021-11-27 15:00:00.000 +0000,BATCH_EMAIL,Coalesce 2021 Incomplete Registration Nudge 1,You’re almost there. Finish signing up for Coalesce today!
60370092571,,,2021-11-23 18:29:16.724 +0000,2021-11-24 12:00:00.000 +0000,LOCALTIME_EMAIL,Coalesce 2021: Request for job posts (Premier & Workshop Sponsors),Coalesce 2021: Call for Job Posts + Updates ✨
60306613623,27302720-cf75-465a-b839-792d15be85c8,h2-2021_coalesce-2021_awareness,2021-11-22 22:36:56.670 +0000,2021-11-23 16:54:46.164 +0000,BATCH_EMAIL,Coalesce Partner Event (Tech Partners) (Follow up),Pre-Coalesce Partner Event 🤝
60306506797,27302720-cf75-465a-b839-792d15be85c8,h2-2021_coalesce-2021_awareness,2021-11-22 22:28:15.014 +0000,2021-11-23 16:54:25.589 +0000,BATCH_EMAIL,Coalesce Partner Event (Consulting Partners) (Follow up),Coalesce Partner Event 🤝
60297895443,,No campaign,2021-11-22 21:04:21.878 +0000,1970-01-01 00:00:00.000 +0000,LOCALTIME_EMAIL,testing133,"Survey results, a roadmap, and templates from dbt Cloud users"
60110650950,27302720-cf75-465a-b839-792d15be85c8,h2-2021_coalesce-2021_awareness,2021-11-19 17:19:45.927 +0000,1970-01-01 00:00:00.000 +0000,LOCALTIME_EMAIL,"Q4 - Coalesce Invites - Prospects, Dynamic Content (Clone)","What lives on Slack, takes 10 months to build, and lasts 4 days?"
60092538489,eaa5912d-3039-4149-aa39-0665711fc597,Monthly Product Updates,2021-11-19 13:26:33.708 +0000,2021-11-19 13:41:02.995 +0000,BATCH_EMAIL,Test Email,dbt Product Update: 🌊 Nov 2021
60087594157,9cf7a7cc-4d0a-4c01-93c2-a7b9a9b2e75b,Coalesce 2021,2021-11-19 13:25:24.387 +0000,2021-11-19 18:39:06.537 +0000,BATCH_EMAIL,Coalesce Announcement_Week of November 15,Attendee checklist: how to prepare for the big week
60024449296,eaa5912d-3039-4149-aa39-0665711fc597,Monthly Product Updates,2021-11-18 17:40:16.522 +0000,2021-11-18 17:41:00.948 +0000,BATCH_EMAIL,Test,dbt Product Update: 🌊 Nov 2021
59962884662,eaa5912d-3039-4149-aa39-0665711fc597,Monthly Product Updates,2021-11-17 23:43:10.180 +0000,2021-11-18 16:00:00.000 +0000,BATCH_EMAIL,dbt Product Update: 🌊 Nov 2021,dbt Product Update: 🌊 Nov 2021
59947846508,27302720-cf75-465a-b839-792d15be85c8,h2-2021_coalesce-2021_awareness,2021-11-17 18:23:58.421 +0000,2021-11-17 18:36:01.704 +0000,BATCH_EMAIL,Coalesce Partner Event (Tech Partners),Pre-Coalesce Partner Event 🤝
58976676882,27302720-cf75-465a-b839-792d15be85c8,h2-2021_coalesce-2021_awareness,2021-11-03 21:44:51.147 +0000,2021-11-05 12:00:00.000 +0000,LOCALTIME_EMAIL,"Resend | Q4 - Coalesce Invites - Prospects, Dynamic Content",Twitter feeds will be full of this in December…👀
58972115506,27302720-cf75-465a-b839-792d15be85c8,h2-2021_coalesce-2021_awareness,2021-11-03 22:04:40.313 +0000,2021-11-04 12:45:00.000 +0000,BATCH_EMAIL,Coalesce Partner Event (Consulting Partners),Coalesce Partner Event 🤝
58944951614,27302720-cf75-465a-b839-792d15be85c8,h2-2021_coalesce-2021_awareness,2021-11-03 15:02:42.186 +0000,2021-11-03 15:47:31.945 +0000,BATCH_EMAIL,Q4 - Coalesce Invites - dbt Learn - Kyle,What's next after dbt Learn?
58898700142,27302720-cf75-465a-b839-792d15be85c8,h2-2021_coalesce-2021_awareness,2021-11-02 21:41:42.640 +0000,2021-11-03 02:33:54.015 +0000,BATCH_EMAIL,Q4 - Coalesce Invites - dbt 101 - Kyle,What's next after dbt 101?
58896586131,27302720-cf75-465a-b839-792d15be85c8,h2-2021_coalesce-2021_awareness,2021-11-02 21:58:10.566 +0000,2021-11-03 16:10:00.000 +0000,BATCH_EMAIL,Q4 - Coalesce Invites - dbt 101 - Alexis,What's next after dbt 101?
58895103088,27302720-cf75-465a-b839-792d15be85c8,h2-2021_coalesce-2021_awareness,2021-11-02 21:54:47.873 +0000,2021-11-03 15:57:00.000 +0000,BATCH_EMAIL,Q4 - Coalesce Invites - dbt Learn - Alexis,What's next after dbt Learn? 
58508402057,9cf7a7cc-4d0a-4c01-93c2-a7b9a9b2e75b,Coalesce 2021,2021-10-27 20:49:09.968 +0000,2021-10-27 20:55:27.825 +0000,BATCH_EMAIL,Coalesce Announcement_@dbtlabs TEST,Test send: @dbtlabs domain
58504240925,9cf7a7cc-4d0a-4c01-93c2-a7b9a9b2e75b,Coalesce 2021,2021-10-27 20:46:38.121 +0000,2021-10-29 13:09:03.595 +0000,BATCH_EMAIL,Coalesce Announcement_Week of October 25,Meet the Humans of Coalesce #8
58422072385,,,2021-10-26 21:27:01.777 +0000,2021-10-26 22:37:14.031 +0000,BATCH_EMAIL,Coalesce 2021: Complete the registration form (Attendees),Follow-up: Did You Forget Something?
57919250096,27302720-cf75-465a-b839-792d15be85c8,h2-2021_coalesce-2021_awareness,2021-10-19 22:54:07.337 +0000,2021-10-20 12:45:00.000 +0000,BATCH_EMAIL,Coalesce 2021: Tech Partner invite (Prospective Tech Partners),Your Coalesce 2021 invite ✉️
57890880433,eaa5912d-3039-4149-aa39-0665711fc597,Monthly Product Updates,2021-10-19 15:35:52.319 +0000,2021-10-21 13:00:00.000 +0000,BATCH_EMAIL,dbt Product Update: Oct 2021,Metrics and hat tricks 🎩 : Your October dbt product update!
57835580345,27302720-cf75-465a-b839-792d15be85c8,h2-2021_coalesce-2021_awareness,2021-10-19 00:16:49.226 +0000,2021-10-19 13:30:00.000 +0000,BATCH_EMAIL,Coalesce 2021: Tech Partner invite,Your Coalesce 2021 invite ✉️
57791216195,9cf7a7cc-4d0a-4c01-93c2-a7b9a9b2e75b,Coalesce 2021,2021-10-18 13:15:44.115 +0000,2021-10-19 12:02:07.989 +0000,BATCH_EMAIL,Coalesce Announcement_Week of October 11 (Re-send),Meet the Humans of Coalesce #7
57387609440,27302720-cf75-465a-b839-792d15be85c8,h2-2021_coalesce-2021_awareness,2021-10-12 23:36:30.203 +0000,2021-10-20 13:15:00.000 +0000,BATCH_EMAIL,Coalesce 2021: Tech Partner invite (Current tech partners),Your Coalesce 2021 invite ✉️
57387603377,27302720-cf75-465a-b839-792d15be85c8,h2-2021_coalesce-2021_awareness,2021-10-12 22:49:48.267 +0000,2021-10-14 13:15:00.000 +0000,BATCH_EMAIL,Coalesce 2021: Consulting Partner invite,Your Coalesce 2021 invite ✉️
57366701598,,,2021-10-12 19:23:05.533 +0000,2021-11-01 13:00:00.000 +0000,BATCH_EMAIL,NEW POLICY for version support: Preparing for dbt v1.0,NEW POLICY for version support: Preparing for dbt v1.0
57067590218,9cf7a7cc-4d0a-4c01-93c2-a7b9a9b2e75b,Coalesce 2021,2021-10-08 16:05:05.647 +0000,2021-10-15 11:58:01.278 +0000,BATCH_EMAIL,Coalesce Announcement_Week of October 11,Meet the Humans of Coalesce #7
56801517381,9cf7a7cc-4d0a-4c01-93c2-a7b9a9b2e75b,Coalesce 2021,2021-10-05 17:11:05.919 +0000,2021-10-06 12:38:00.000 +0000,AB_EMAIL,Coalesce_Week of October 4_ SL 2,"60 day countdown, Coalesce freebies, and snacks"
56714546762,,No campaign,2021-10-04 18:54:08.151 +0000,1970-01-01 00:00:00.000 +0000,LOCALTIME_EMAIL,"Q4 - Coalesce Invites - Prospects, Dynamic Content (Clone)","What lives on Slack, takes 10 months to build, and lasts 4 days?"
56406803746,9307548f-ab7d-4edc-9251-c2b2c1d466ec,Community Newsletter,2021-09-30 02:56:33.952 +0000,2021-09-30 12:00:00.000 +0000,LOCALTIME_EMAIL,"Community Newsletter - September 30th, 2021",Pay Transparency. dbt in Barcelona and Lagos. Data Lakes.
56307348254,27302720-cf75-465a-b839-792d15be85c8,h2-2021_coalesce-2021_awareness,2021-09-28 23:53:39.320 +0000,2021-09-30 11:49:00.000 +0000,LOCALTIME_EMAIL,"Q4 - Coalesce Invites - Users, Dynamic Content","What lives on Slack, takes 10 months to build, and lasts 5 days?"
56188314640,27302720-cf75-465a-b839-792d15be85c8,h2-2021_coalesce-2021_awareness,2021-09-27 22:05:10.337 +0000,2021-09-29 11:49:00.000 +0000,LOCALTIME_EMAIL,"Q4 - Coalesce Invites - Prospects, Dynamic Content","What lives on Slack, takes 10 months to build, and lasts 4 days?"
56175243169,,,2021-09-27 18:35:23.863 +0000,2021-09-28 15:23:00.350 +0000,BATCH_EMAIL,Q4 - Coalesce Invites - Prospects,"what lives on Slack , takes 10 months to build, and lasts 4 days?  👀"
55903268426,eaa5912d-3039-4149-aa39-0665711fc597,Monthly Product Updates,2021-09-23 14:24:09.225 +0000,2021-09-23 14:37:21.551 +0000,BATCH_EMAIL,dbt Product Update: Sept 2021,dbt Product Update: Sept 2021
55850894937,eaa5912d-3039-4149-aa39-0665711fc597,Monthly Product Updates,2021-09-22 22:03:13.668 +0000,2021-09-22 23:28:35.501 +0000,AB_EMAIL,dbt Product Update: Sept 2021 (Variation),"dbt v0.20.0, DAG in the IDE, and the mysteries of toast 🍞"
55850894933,eaa5912d-3039-4149-aa39-0665711fc597,Monthly Product Updates,2021-09-22 22:03:13.290 +0000,2021-09-23 13:46:10.559 +0000,BATCH_EMAIL,dbt Product Update: Sept 2021,dbt Product Update: Sept 2021
55828384687,9307548f-ab7d-4edc-9251-c2b2c1d466ec,Community Newsletter,2021-09-22 16:48:58.914 +0000,2021-09-22 22:59:55.986 +0000,BATCH_EMAIL,"Community Newsletter - September 22nd, 2021",Data Team Wikis. Industry musical chairs. dbt-utils 0.7.3
55433210998,e831ffde-04fb-4679-81b1-64be3125714d,Product Onboarding,2021-09-16 23:04:53.399 +0000,2022-03-23 00:22:17.263 +0000,AUTOMATED_EMAIL,[Clone: Snowflake PC] Product Onboarding | 1 | Account Setup,Setting up your dbt Cloud account
55348376231,9cf7a7cc-4d0a-4c01-93c2-a7b9a9b2e75b,Coalesce 2021,2021-09-15 20:47:36.201 +0000,2021-10-06 12:38:00.000 +0000,AB_EMAIL,Coalesce_Week of October 4_Sequence SL,Meet the Humans of Coalesce #6
55340408352,9307548f-ab7d-4edc-9251-c2b2c1d466ec,Community Newsletter,2021-09-15 20:06:19.669 +0000,2021-09-15 22:57:25.774 +0000,BATCH_EMAIL,"Community Newsletter - September 15th, 2021",Self-serve analytics with GPT-3. Data fragmentation in healthcare. Engineering Analytics. 
55332835764,9cf7a7cc-4d0a-4c01-93c2-a7b9a9b2e75b,Coalesce 2021,2021-09-15 17:25:30.222 +0000,2021-09-15 19:17:48.180 +0000,BATCH_EMAIL,Coalesce Announcement_Week of September 13,Meet the Humans of Coalesce #5
54842861076,,,2021-09-08 21:21:53.999 +0000,2021-09-08 21:21:56.989 +0000,BATCH_EMAIL,New email,
54419390549,9cf7a7cc-4d0a-4c01-93c2-a7b9a9b2e75b,Coalesce 2021,2021-09-02 20:06:03.589 +0000,2021-09-02 20:49:02.455 +0000,BATCH_EMAIL,Coalesce Announcement_Week of August 30,Meet the Humans of Coalesce #4
54319308203,9307548f-ab7d-4edc-9251-c2b2c1d466ec,Community Newsletter,2021-09-01 18:35:41.743 +0000,2021-09-08 20:46:22.043 +0000,BATCH_EMAIL,"Community Newsletter - September 8th, 2021",dbt Community Newsletter: Now weekly + a new format! 💅
53826856585,ba4f8cce-53d9-48a1-a61d-1a5f257109a7,Consulting Partner Newsletter,2021-08-26 17:17:02.238 +0000,2021-08-26 17:18:20.286 +0000,BATCH_EMAIL,Consulting Provider Email: Aug 2021,"🤝 dbt Labs partner update: new look, new features, and a request for input"
53743503162,eaa5912d-3039-4149-aa39-0665711fc597,Monthly Product Updates,2021-08-25 18:28:38.291 +0000,2021-08-25 18:28:59.291 +0000,AB_EMAIL,Consulting Provider Email: Aug 2021 (Variation),"dbt v0.20.0, DAG in the IDE, and the mysteries of toast 🍞"
53743503159,ba4f8cce-53d9-48a1-a61d-1a5f257109a7,Consulting Partner Newsletter,2021-08-25 18:28:37.817 +0000,2021-08-26 17:15:48.859 +0000,BATCH_EMAIL,Consulting Provider Email: Aug 2021,"🤝 dbt Labs partner update: new look, same great team, and a request for input"
53684229218,,,2021-08-25 02:09:16.284 +0000,2021-08-25 03:23:33.430 +0000,BATCH_EMAIL,New email,
53589844867,e8527b23-401a-4571-b769-d198655a05c8,Q3-21 Campaign: Building The Case for dbt Cloud,2021-08-24 03:31:51.333 +0000,2021-09-08 12:07:00.000 +0000,LOCALTIME_EMAIL,Business Case Guide Launch Email,"Survey results, a roadmap, and templates from dbt Cloud users"
53562579204,,,2021-08-23 18:14:20.420 +0000,2021-08-23 18:14:20.904 +0000,AUTOMATED_EMAIL,Follow up email 1 for Content Download: Business Case Guide,Business Case Guide: Making the Case for dbt Cloud
53155738143,9cf7a7cc-4d0a-4c01-93c2-a7b9a9b2e75b,Coalesce 2021,2021-08-18 16:12:45.489 +0000,2021-08-18 16:52:19.666 +0000,BATCH_EMAIL,Coalesce Announcement_Week of August 16,Meet the Humans of Coalesce #3
52609645422,,,2021-08-10 20:36:28.476 +0000,2021-08-10 20:36:32.319 +0000,AUTOMATED_EMAIL,New email,
52304838577,9cf7a7cc-4d0a-4c01-93c2-a7b9a9b2e75b,Coalesce 2021,2021-08-05 18:54:11.341 +0000,2021-08-06 17:08:53.053 +0000,BATCH_EMAIL,Coalesce Announcement_Week of August 2,Meet the Humans of Coalesce #2
52040226853,,,2021-08-02 15:26:23.910 +0000,2021-08-02 15:26:24.442 +0000,AUTOMATED_EMAIL,Follow up email 1 for Content Download,Your Content
51609314911,,,2021-07-27 01:40:02.533 +0000,2021-07-27 01:40:02.990 +0000,AUTOMATED_EMAIL,Welcome to the dbt Slack Community!,Welcome to the dbt Slack Community!
51284659270,eaa5912d-3039-4149-aa39-0665711fc597,Monthly Product Updates,2021-07-21 22:58:52.411 +0000,2021-07-22 11:00:00.000 +0000,AB_EMAIL,"dbt v0.20.0, DAG in the IDE, and the mysteries of toast 🍞","dbt v0.20.0, DAG in the IDE, and the mysteries of toast 🍞"
51180424751,eaa5912d-3039-4149-aa39-0665711fc597,Monthly Product Updates,2021-07-20 15:48:26.099 +0000,2021-07-22 11:00:00.000 +0000,AB_EMAIL,dbt Product Update: July 2021,dbt Product Update: July 2021
51175071002,9cf7a7cc-4d0a-4c01-93c2-a7b9a9b2e75b,Coalesce 2021,2021-07-20 14:32:26.523 +0000,2021-07-20 14:54:08.651 +0000,BATCH_EMAIL,Coalesce 2021_Past Speaker Outreach,Help us communicate the magic of Coalesce
51118383456,9cf7a7cc-4d0a-4c01-93c2-a7b9a9b2e75b,Coalesce 2021,2021-07-19 20:04:53.756 +0000,2021-07-23 15:24:10.174 +0000,BATCH_EMAIL,Coalesce Announcement_Week of July 19,Meet the Humans of Coalesce: Outing #1
49710664452,,,2021-06-28 14:40:49.447 +0000,2021-06-30 13:05:00.000 +0000,BATCH_EMAIL,Tristan on dbt Labs + funding,"New Name, New $$"
48982076473,eaa5912d-3039-4149-aa39-0665711fc597,Monthly Product Updates,2021-06-17 13:02:18.363 +0000,2021-06-17 14:12:36.411 +0000,BATCH_EMAIL,June Product Update Cloud Users,dbt Product Update: June 2021
48924304765,9cf7a7cc-4d0a-4c01-93c2-a7b9a9b2e75b,Coalesce 2021,2021-06-16 14:32:31.913 +0000,2021-06-16 16:32:59.015 +0000,BATCH_EMAIL,Coalesce Update: CFP Reminder & Sponsors on the site,Coalesce 2021: Sponsors & CFP Deadline Approaching 
48661559208,9307548f-ab7d-4edc-9251-c2b2c1d466ec,Community Newsletter,2021-06-10 20:24:20.924 +0000,2021-06-10 21:33:55.034 +0000,BATCH_EMAIL,Community Newsletter - June 2021,dbt Community Newsletter: Community Pride 🌈
48501338702,b075c464-ff58-4c6e-b97c-b0e1e11decff,dbt 101,2021-06-07 21:28:30.942 +0000,2021-06-08 11:00:00.000 +0000,BATCH_EMAIL,dbt 101 post-event email_2021-06-03,Thank you for attending dbt 101
47419677088,,,2021-05-18 22:03:00.555 +0000,2021-05-24 13:04:00.000 +0000,LOCALTIME_EMAIL,dbt Support Update: May 2021,dbt Support Update: May 2021
46928759313,7d32ea4a-723a-4e0c-8b48-86eef31c3cac,Staging,2021-05-11 17:16:05.920 +0000,2021-05-11 19:25:45.289 +0000,BATCH_EMAIL,Reminder: Staging dbt Demo Day & Partner-Only Event,Reminder: Staging dbt Demo Day & Partner-Only Event
46478889780,,,2021-05-04 22:02:08.858 +0000,2021-05-07 17:23:57.283 +0000,BATCH_EMAIL,Event Follow-up: 4/28/2021 Fivetran/dbt Modern Data Stack Showcase,Following up - Fivetran/dbt Modern Data Stack Showcase
46404924234,eaa5912d-3039-4149-aa39-0665711fc597,Monthly Product Updates,2021-05-03 19:52:16.966 +0000,2021-05-06 13:02:00.000 +0000,BATCH_EMAIL,May 1/2 Product Update Cloud Users,"dbt v0.20.0 beta, Databricks in Cloud, and Staging round 2"
46172432956,9cf7a7cc-4d0a-4c01-93c2-a7b9a9b2e75b,Coalesce 2021,2021-04-29 19:21:48.535 +0000,2021-05-03 16:00:00.000 +0000,BATCH_EMAIL,Coalesce 2021 CFP Announcement,Submit a proposal to speak at Coalesce 2021!
45965100099,,,2021-04-27 16:07:44.683 +0000,2021-12-06 00:21:18.123 +0000,BATCH_EMAIL,Coalesce Email Template,
45021385482,,,2021-04-13 19:07:41.979 +0000,2021-04-13 19:16:09.608 +0000,AUTOMATED_EMAIL,Community Welcome | Draft,Welcome to the dbt Community!
45002586196,9307548f-ab7d-4edc-9251-c2b2c1d466ec,Community Newsletter,2021-04-13 14:52:49.490 +0000,2021-04-13 16:52:35.468 +0000,BATCH_EMAIL,Community Newsletter (for missing recipients) - Apr 2021,dbt Community Newsletter: What was your career path into data?
44913451687,a0e648c8-ec93-4d11-be04-a282b707eb72,dbt Cloud CC Declines,2021-04-12 15:52:47.081 +0000,2021-06-30 01:58:40.122 +0000,AUTOMATED_EMAIL,dbt Cloud CC Decline,dbt Cloud Unsuccessful Payment
44794525096,,,2021-04-09 18:37:26.014 +0000,2021-06-30 01:41:50.400 +0000,BATCH_EMAIL,NPS Detractor Email,dbt Cloud Feedback
44517580892,9307548f-ab7d-4edc-9251-c2b2c1d466ec,Community Newsletter,2021-04-06 13:30:53.189 +0000,2021-04-13 14:52:30.390 +0000,BATCH_EMAIL,Community Newsletter - Apr 2021,dbt Community Newsletter: What was your career path into data?
44476497250,4a45768d-e7ae-4476-9638-b041b06b1407,Partner Newsletter,2021-04-05 21:27:14.955 +0000,2021-04-07 13:00:00.000 +0000,BATCH_EMAIL,Consultant Newsletter April '21,🤝dbt Partner Update: Coalesce Prep + Staging Round 2!
44165935212,,,2021-03-30 23:10:28.545 +0000,2021-03-31 00:09:14.490 +0000,BATCH_EMAIL,Please ignore recent onboarding email,Please ignore recent onboarding email
44165933421,,,2021-03-30 22:57:44.672 +0000,2021-03-30 23:19:31.234 +0000,BATCH_EMAIL,New email,
43368921151,eaa5912d-3039-4149-aa39-0665711fc597,Monthly Product Updates,2021-03-18 18:06:45.770 +0000,2021-03-19 12:15:00.000 +0000,BATCH_EMAIL,March Product Update On-Prem Admins,Upgrade dbt and dbt Cloud + March Product Update
43353705051,eaa5912d-3039-4149-aa39-0665711fc597,Monthly Product Updates,2021-03-18 15:56:10.819 +0000,2021-03-19 12:15:00.000 +0000,BATCH_EMAIL,March Product Update Cloud Users,dbt Product Update: March 2021
42888280846,b075c464-ff58-4c6e-b97c-b0e1e11decff,dbt 101,2021-03-11 15:23:14.474 +0000,2021-03-12 15:00:00.000 +0000,BATCH_EMAIL,"Post-event email: dbt 101, 2021-03-09",Follow-up resources from dbt 101
42544029081,9cf7a7cc-4d0a-4c01-93c2-a7b9a9b2e75b,Coalesce 2021,2021-03-05 17:56:08.393 +0000,2021-03-09 14:04:20.912 +0000,BATCH_EMAIL,Coalesce 2021 Registration & Sponsorship,Coalesce 2021 Registration & Sponsorship
41707465323,9307548f-ab7d-4edc-9251-c2b2c1d466ec,Community Newsletter,2021-02-18 19:11:17.753 +0000,2021-02-19 16:04:34.212 +0000,BATCH_EMAIL,Community Newsletter - Feb 2021,What dbt community members are building (and shipping!)
41707318428,,,2021-02-18 19:10:47.522 +0000,2021-02-18 19:10:53.136 +0000,BATCH_EMAIL,New email,
41680659119,eaa5912d-3039-4149-aa39-0665711fc597,Monthly Product Updates,2021-02-17 23:44:44.546 +0000,2021-02-18 15:24:02.806 +0000,BATCH_EMAIL,February Product Update On-Prem Admins,Time to upgrade dbt & dbt Cloud
41679854786,eaa5912d-3039-4149-aa39-0665711fc597,Monthly Product Updates,2021-02-17 22:01:08.149 +0000,2021-02-18 15:23:12.335 +0000,AB_EMAIL,February Product Update Cloud Users (Variation),"Faster runtime, work code retention, and much more! "
41679854783,eaa5912d-3039-4149-aa39-0665711fc597,Monthly Product Updates,2021-02-17 22:01:07.798 +0000,2021-02-18 15:23:12.335 +0000,AB_EMAIL,February Product Update Cloud Users,dbt Product Update: February 2021
41188769858,9cf7a7cc-4d0a-4c01-93c2-a7b9a9b2e75b,Coalesce 2021,2021-02-02 14:07:17.054 +0000,2021-02-02 17:00:00.000 +0000,BATCH_EMAIL,Coalesce 2021 Dates Announcement,"Pre-Register Now: Coalesce 2021, Dec. 6-10"
41188352337,,,2021-02-02 13:46:20.135 +0000,2021-02-02 13:46:44.285 +0000,BATCH_EMAIL,New email,
41075057779,c8b28260-eee9-4ad2-a685-883748ac1b4b,Quarterly Launch Events,2021-01-28 21:04:25.977 +0000,2021-01-28 21:23:54.024 +0000,BATCH_EMAIL,Consulting Partner Slack Update - Feb '21 QPL,[dbt demo days update] private Slack channel for preferred partners
39987443119,eaa5912d-3039-4149-aa39-0665711fc597,Monthly Product Updates,2021-01-06 23:01:40.559 +0000,2021-01-07 14:15:00.000 +0000,BATCH_EMAIL,January Product Update On Prem Admins,Time to upgrade dbt Cloud 
39861486740,,,2021-01-05 18:26:59.665 +0000,2021-01-05 18:27:06.557 +0000,BATCH_EMAIL,New etestmail,
39448850886,,,2020-12-31 18:17:25.588 +0000,2022-02-24 14:15:32.593 +0000,AUTOMATED_EMAIL,Community Welcome | 1,Welcome to the dbt Community!
39438157853,,,2020-12-31 18:20:04.768 +0000,2021-11-20 17:38:40.895 +0000,AUTOMATED_EMAIL,Community Welcome | 2,Check out these dbt Community resources
39079358516,c8b28260-eee9-4ad2-a685-883748ac1b4b,Quarterly Launch Events,2020-12-22 18:24:16.111 +0000,2020-12-23 12:00:00.000 +0000,BATCH_EMAIL,Consulting Partner Invite - Feb '21 QPL,Join us for the first dbt preferred provider event!
38745557513,eaa5912d-3039-4149-aa39-0665711fc597,Monthly Product Updates,2020-12-14 15:51:02.879 +0000,2021-01-07 14:15:00.000 +0000,AB_EMAIL,January Product Update Cloud Users (Variation),dbt v0.19.0
38745557508,eaa5912d-3039-4149-aa39-0665711fc597,Monthly Product Updates,2020-12-14 15:51:02.505 +0000,2021-01-07 14:15:00.000 +0000,AB_EMAIL,January Product Update Cloud Users,dbt Product Update: January 2021
38638163420,13f0c385-184a-4c7e-8e6f-ec6143a4a78f,Coalesce 2020,2020-12-10 23:08:21.798 +0000,2020-12-11 03:39:00.094 +0000,BATCH_EMAIL,Thursday Post-Session 2,That's a wrap! | Coalesce 2020
38604017443,13f0c385-184a-4c7e-8e6f-ec6143a4a78f,Coalesce 2020,2020-12-10 12:33:04.023 +0000,2020-12-10 19:54:45.179 +0000,BATCH_EMAIL,Thursday Post-Session 1,Coalesce Day 3 | Highlights
38568273553,e831ffde-04fb-4679-81b1-64be3125714d,Product Onboarding,2020-12-09 23:13:27.127 +0000,2022-07-06 00:54:43.574 +0000,AUTOMATED_EMAIL,Product Onboarding | 6 | Additional security requirements,Need additional security or support?
38568273340,e831ffde-04fb-4679-81b1-64be3125714d,Product Onboarding,2020-12-09 23:12:04.217 +0000,2022-07-06 00:54:22.195 +0000,AUTOMATED_EMAIL,Product Onboarding | 5 | Help,More dbt resources for help and training
38568271513,e831ffde-04fb-4679-81b1-64be3125714d,Product Onboarding,2020-12-09 22:59:46.911 +0000,2022-07-06 00:53:19.562 +0000,AUTOMATED_EMAIL,Product Onboarding | 2 | Testing and jobs,"Templates, tests, and triggers. Get ready to run."
38568228434,e831ffde-04fb-4679-81b1-64be3125714d,Product Onboarding,2020-12-09 23:15:01.623 +0000,2022-07-06 00:55:05.035 +0000,AUTOMATED_EMAIL,Product Onboarding | 7 | Feedback,Keep access to your dbt Cloud account
38568227915,e831ffde-04fb-4679-81b1-64be3125714d,Product Onboarding,2020-12-09 23:10:39.906 +0000,2022-07-06 00:54:04.171 +0000,AUTOMATED_EMAIL,Product Onboarding | 4 | dbt docs,The #1 feature you might have missed
38568227364,e831ffde-04fb-4679-81b1-64be3125714d,Product Onboarding,2020-12-09 23:06:48.128 +0000,2022-07-06 00:53:41.418 +0000,AUTOMATED_EMAIL,Product Onboarding | 3 | Invite Users,Tired of being asked about the status of that dashboard?
38568225573,e831ffde-04fb-4679-81b1-64be3125714d,Product Onboarding,2020-12-09 22:53:07.799 +0000,2022-03-23 00:21:58.308 +0000,AUTOMATED_EMAIL,Product Onboarding | 1 | Account Setup,Setting up your dbt Cloud account
38567330312,13f0c385-184a-4c7e-8e6f-ec6143a4a78f,Coalesce 2020,2020-12-09 22:11:43.368 +0000,2020-12-10 01:59:10.680 +0000,BATCH_EMAIL,Wednesday Evening NEW,Coalesce Day 2 | Highlights
38505934857,,,2020-12-08 14:17:10.313 +0000,2020-12-08 14:17:12.486 +0000,BATCH_EMAIL,New email,
38462164563,9307548f-ab7d-4edc-9251-c2b2c1d466ec,Community Newsletter,2020-12-07 15:30:27.385 +0000,2020-12-08 13:15:00.000 +0000,BATCH_EMAIL,Community Newsletter - December 2020,It’s time to “Coalesce”
38381984553,,,2020-12-04 21:48:03.301 +0000,2020-12-05 01:39:40.619 +0000,BATCH_EMAIL,Coalesce Friday Evening,Coalesce Day 5 | That's all folks!
38380807983,13f0c385-184a-4c7e-8e6f-ec6143a4a78f,Coalesce 2020,2020-12-04 20:40:18.405 +0000,2020-12-10 21:11:49.201 +0000,BATCH_EMAIL,Coalesce ""Friday"" Morning,Coalesce Day 4(ish!) Asia Pac | Sandwiches + Scale
38380801752,13f0c385-184a-4c7e-8e6f-ec6143a4a78f,Coalesce 2020,2020-12-04 20:08:00.076 +0000,2020-12-09 02:05:06.212 +0000,BATCH_EMAIL,Coalesce Tuesday Evening,Coalesce Day 1 | Highlights
38380583102,13f0c385-184a-4c7e-8e6f-ec6143a4a78f,Coalesce 2020,2020-12-04 20:35:29.357 +0000,2020-12-10 10:00:00.000 +0000,BATCH_EMAIL,Coalesce Thursday Morning,Coalesce Day 3 | Power Ballads + Powering Up
38380582473,,,2020-12-04 20:31:49.595 +0000,2020-12-04 23:35:25.098 +0000,BATCH_EMAIL,Coalesce Wednesday Evening,Coalesce Day 3 | Highlights
38380579333,13f0c385-184a-4c7e-8e6f-ec6143a4a78f,Coalesce 2020,2020-12-04 20:13:20.196 +0000,2020-12-09 13:30:00.000 +0000,BATCH_EMAIL,Coalesce Wednesday Morning,Coalesce Day 2 | Getting Meta
38380134746,13f0c385-184a-4c7e-8e6f-ec6143a4a78f,Coalesce 2020,2020-12-04 19:41:23.085 +0000,2020-12-08 12:00:00.000 +0000,BATCH_EMAIL,Coalesce Tuesday Morning,Coalesce Day 1 | Extracts and Enneagrams
38372968646,13f0c385-184a-4c7e-8e6f-ec6143a4a78f,Coalesce 2020,2020-12-04 18:36:33.661 +0000,2020-12-08 00:13:49.620 +0000,BATCH_EMAIL,Coalesce Monday Evening,Coalesce Pre-Event Highlights
38334589612,13f0c385-184a-4c7e-8e6f-ec6143a4a78f,Coalesce 2020,2020-12-03 19:20:48.239 +0000,2020-12-07 14:00:00.000 +0000,BATCH_EMAIL,Coalesce Monday Morning,Coalesce Pre-Event | Meet the Fishtown Folks
38227804613,eaa5912d-3039-4149-aa39-0665711fc597,Monthly Product Updates,2020-12-01 18:16:35.782 +0000,2020-12-03 12:00:00.000 +0000,BATCH_EMAIL,December Product Update On Prem Admins,Time to upgrade dbt Core and Cloud 
38227803180,eaa5912d-3039-4149-aa39-0665711fc597,Monthly Product Updates,2020-12-01 18:09:45.387 +0000,2020-12-03 12:00:00.000 +0000,AB_EMAIL,December Product Update Email B,Upgrade to dbt v0.18.1
38184559126,,,2020-11-30 20:38:26.479 +0000,2020-11-30 20:39:58.919 +0000,RESUBSCRIBE_EMAIL,Resubscribe Email,Did you want to resubscribe to emails from Fishtown Analytics about dbt?
38173880843,eaa5912d-3039-4149-aa39-0665711fc597,Monthly Product Updates,2020-11-30 17:15:34.889 +0000,2020-12-03 12:00:00.000 +0000,AB_EMAIL,December Product Update Cloud Users,dbt Product News: December Edition
38173878846,13f0c385-184a-4c7e-8e6f-ec6143a4a78f,Coalesce 2020,2020-11-30 17:08:14.702 +0000,2020-12-02 14:15:00.000 +0000,BATCH_EMAIL,Coalesce is next week!,Coalesce is next week!
37973766846,b78576ad-2a0b-4f54-8be1-7d05d081a004,dbt Learn On-Demand,2020-11-24 21:52:20.337 +0000,2022-03-29 17:55:47.446 +0000,AUTOMATED_EMAIL,Congrats on completing dbt Fundamentals!,Congrats on completing dbt Fundamentals!
37733824342,,,2020-11-18 20:53:47.565 +0000,2020-11-18 20:54:19.734 +0000,AUTOMATED_EMAIL,Finish setting up your dbt Cloud account,Finish setting up your dbt Cloud account
37680009111,13f0c385-184a-4c7e-8e6f-ec6143a4a78f,Coalesce 2020,2020-11-17 16:59:36.123 +0000,2020-11-19 16:15:00.000 +0000,AB_EMAIL,Join us for the first dbt conference, Join us for the first dbt conference
37670247146,13f0c385-184a-4c7e-8e6f-ec6143a4a78f,Coalesce 2020,2020-11-17 14:30:19.830 +0000,2020-11-19 16:15:00.000 +0000,AB_EMAIL,18 days away from Coalesce, 18 days away from Coalesce!!